Workbook

Sheet 2020
B1: NG_P(X≥3) | C1: Actual_P(X≥3) | D1: NG_P(X≥6) | E1: Actual_P(X≥6) | F1: NG_P(X≥9) | G1: Actual_P(X≥9) | H1: NG_P(X≥12) | I1: Actual_P(X≥12) | J1: NG_P(X≥15) | K1: Actual_P(X≥15)
A2: Low_frequency_hour | B2: 3 | C2: 3 | D2: 6 | E2: 6 | F2: 9 | G2: 9 | H2: 12 | I2: 12 | J2: 15 | K2: 15
A3: 0 | B3: =1-_xlfn.BETA.DIST(VLOOKUP($A3,NB_p!$A$2:$G$25,2,FALSE),VLOOKUP($A3,NB_r!$A$2:$G$25,2,FALSE),B$2,TRUE) -> 0.94409791 | C3: =COUNTIF(INDEX($B$33:$Y$242,0,MATCH($A3,$B$32:$Y$32,0)),">="&C$2)/ROWS($A$33:$A$242) -> 0.93809524 | D3: =1-_xlfn.BETA.DIST(VLOOKUP($A3,NB_p!$A$2:$G$25,2,FALSE),VLOOKUP($A3,NB_r!$A$2:$G$25,2,FALSE),D$2,TRUE) -> 0.68189135 | E3: =COUNTIF(INDEX($B$33:$Y$242,0,MATCH($A3,$B$32:$Y$32,0)),">="&E$2)/ROWS($A$33:$A$242) -> 0.68095238 | F3: =1-_xlfn.BETA.DIST(VLOOKUP($A3,NB_p!$A$2:$G$25,2,FALSE),VLOOKUP($A3,NB_r!$A$2:$G$25,2,FALSE),F$2,TRUE) -> 0.34767845 | G3: =COUNTIF(INDEX($B$33:$Y$242,0,MATCH($A3,$B$32:$Y$32,0)),">="&G$2)/ROWS($A$33:$A$242) -> 0.34761905 | H3: =1-_xlfn.BETA.DIST(VLOOKUP($A3,NB_p!$A$2:$G$25,2,FALSE),VLOOKUP($A3,NB_r!$A$2:$G$25,2,FALSE),H$2,TRUE) -> 0.13148672 | I3: =COUNTIF(INDEX($B$33:$Y$242,0,MATCH($A3,$B$32:$Y$32,0)),">="&I$2)/ROWS($A$33:$A$242) -> 0.13333333 | J3: =1-_xlfn.BETA.DIST(VLOOKUP($A3,NB_p!$A$2:$G$25,2,FALSE),VLOOKUP($A3,NB_r!$A$2:$G$25,2,FALSE),J$2,TRUE) -> 0.039395092 | K3: =COUNTIF(INDEX($B$33:$Y$242,0,MATCH($A3,$B$32:$Y$32,0)),">="&K$2)/ROWS($A$33:$A$242) -> 0.023809524
A4: 1 | B4: =1-_xlfn.BETA.DIST(VLOOKUP($A4,NB_p!$A$2:$G$25,2,FALSE),VLOOKUP($A4,NB_r!$A$2:$G$25,2,FALSE),B$2,TRUE) -> 0.9191941 | C4: =COUNTIF(INDEX($B$33:$Y$242,0,MATCH($A4,$B$32:$Y$32,0)),">="&C$2)/ROWS($A$33:$A$242) -> 0.92380952 | D4: =1-_xlfn.BETA.DIST(VLOOKUP($A4,NB_p!$A$2:$G$25,2,FALSE),VLOOKUP($A4,NB_r!$A$2:$G$25,2,FALSE),D$2,TRUE) -> 0.58041071 | E4: =COUNTIF(INDEX($B$33:$Y$242,0,MATCH($A4,$B$32:$Y$32,0)),">="&E$2)/ROWS($A$33:$A$242) -> 0.57619048 | F4: =1-_xlfn.BETA.DIST(VLOOKUP($A4,NB_p!$A$2:$G$25,2,FALSE),VLOOKUP($A4,NB_r!$A$2:$G$25,2,FALSE),F$2,TRUE) -> 0.23139221 | G4: =COUNTIF(INDEX($B$33:$Y$242,0,MATCH($A4,$B$32:$Y$32,0)),">="&G$2)/ROWS($A$33:$A$242) -> 0.23333333 | H4: =1-_xlfn.BETA.DIST(VLOOKUP($A4,NB_p!$A$2:$G$25,2,FALSE),VLOOKUP($A4,NB_r!$A$2:$G$25,2,FALSE),H$2,TRUE) -> 0.063092548 | I4: =COUNTIF(INDEX($B$33:$Y$242,0,MATCH($A4,$B$32:$Y$32,0)),">="&I$2)/ROWS($A$33:$A$242) -> 0.066666667 | J4: =1-_xlfn.BETA.DIST(VLOOKUP($A4,NB_p!$A$2:$G$25,2,FALSE),VLOOKUP($A4,NB_r!$A$2:$G$25,2,FALSE),J$2,TRUE) -> 0.012856111 | K4: =COUNTIF(INDEX($B$33:$Y$242,0,MATCH($A4,$B$32:$Y$32,0)),">="&K$2)/ROWS($A$33:$A$242) -> 0.014285714
A5: 2 | B5: =1-_xlfn.BETA.DIST(VLOOKUP($A5,NB_p!$A$2:$G$25,2,FALSE),VLOOKUP($A5,NB_r!$A$2:$G$25,2,FALSE),B$2,TRUE) -> 0.85439412 | C5: =COUNTIF(INDEX($B$33:$Y$242,0,MATCH($A5,$B$32:$Y$32,0)),">="&C$2)/ROWS($A$33:$A$242) -> 0.85238095 | D5: =1-_xlfn.BETA.DIST(VLOOKUP($A5,NB_p!$A$2:$G$25,2,FALSE),VLOOKUP($A5,NB_r!$A$2:$G$25,2,FALSE),D$2,TRUE) -> 0.45765265 | E5: =COUNTIF(INDEX($B$33:$Y$242,0,MATCH($A5,$B$32:$Y$32,0)),">="&E$2)/ROWS($A$33:$A$242) -> 0.42857143 | F5: =1-_xlfn.BETA.DIST(VLOOKUP($A5,NB_p!$A$2:$G$25,2,FALSE),VLOOKUP($A5,NB_r!$A$2:$G$25,2,FALSE),F$2,TRUE) -> 0.15864017 | G5: =COUNTIF(INDEX($B$33:$Y$242,0,MATCH($A5,$B$32:$Y$32,0)),">="&G$2)/ROWS($A$33:$A$242) -> 0.17142857 | H5: =1-_xlfn.BETA.DIST(VLOOKUP($A5,NB_p!$A$2:$G$25,2,FALSE),VLOOKUP($A5,NB_r!$A$2:$G$25,2,FALSE),H$2,TRUE) -> 0.040054541 | I5: =COUNTIF(INDEX($B$33:$Y$242,0,MATCH($A5,$B$32:$Y$32,0)),">="&I$2)/ROWS($A$33:$A$242) -> 0.047619048 | J5: =1-_xlfn.BETA.DIST(VLOOKUP($A5,NB_p!$A$2:$G$25,2,FALSE),VLOOKUP($A5,NB_r!$A$2:$G$25,2,FALSE),J$2,TRUE) -> 0.0080481483 | K5: =COUNTIF(INDEX($B$33:$Y$242,0,MATCH($A5,$B$32:$Y$32,0)),">="&K$2)/ROWS($A$33:$A$242) -> 0.0095238095
A6: 3 | B6: =1-_xlfn.BETA.DIST(VLOOKUP($A6,NB_p!$A$2:$G$25,2,FALSE),VLOOKUP($A6,NB_r!$A$2:$G$25,2,FALSE),B$2,TRUE) -> 0.81280697 | C6: =COUNTIF(INDEX($B$33:$Y$242,0,MATCH($A6,$B$32:$Y$32,0)),">="&C$2)/ROWS($A$33:$A$242) -> 0.81428571 | D6: =1-_xlfn.BETA.DIST(VLOOKUP($A6,NB_p!$A$2:$G$25,2,FALSE),VLOOKUP($A6,NB_r!$A$2:$G$25,2,FALSE),D$2,TRUE) -> 0.3720676 | E6: =COUNTIF(INDEX($B$33:$Y$242,0,MATCH($A6,$B$32:$Y$32,0)),">="&E$2)/ROWS($A$33:$A$242) -> 0.37619048 | F6: =1-_xlfn.BETA.DIST(VLOOKUP($A6,NB_p!$A$2:$G$25,2,FALSE),VLOOKUP($A6,NB_r!$A$2:$G$25,2,FALSE),F$2,TRUE) -> 0.10272379 | G6: =COUNTIF(INDEX($B$33:$Y$242,0,MATCH($A6,$B$32:$Y$32,0)),">="&G$2)/ROWS($A$33:$A$242) -> 0.12380952 | H6: =1-_xlfn.BETA.DIST(VLOOKUP($A6,NB_p!$A$2:$G$25,2,FALSE),VLOOKUP($A6,NB_r!$A$2:$G$25,2,FALSE),H$2,TRUE) -> 0.019805991 | I6: =COUNTIF(INDEX($B$33:$Y$242,0,MATCH($A6,$B$32:$Y$32,0)),">="&I$2)/ROWS($A$33:$A$242) -> 0.0095238095 | J6: =1-_xlfn.BETA.DIST(VLOOKUP($A6,NB_p!$A$2:$G$25,2,FALSE),VLOOKUP($A6,NB_r!$A$2:$G$25,2,FALSE),J$2,TRUE) -> 0.0029555676 | K6: =COUNTIF(INDEX($B$33:$Y$242,0,MATCH($A6,$B$32:$Y$32,0)),">="&K$2)/ROWS($A$33:$A$242) -> 0.0047619048
A7: 4 | B7: =1-_xlfn.BETA.DIST(VLOOKUP($A7,NB_p!$A$2:$G$25,2,FALSE),VLOOKUP($A7,NB_r!$A$2:$G$25,2,FALSE),B$2,TRUE) -> 0.84490765 | C7: =COUNTIF(INDEX($B$33:$Y$242,0,MATCH($A7,$B$32:$Y$32,0)),">="&C$2)/ROWS($A$33:$A$242) -> 0.84761905 | D7: =1-_xlfn.BETA.DIST(VLOOKUP($A7,NB_p!$A$2:$G$25,2,FALSE),VLOOKUP($A7,NB_r!$A$2:$G$25,2,FALSE),D$2,TRUE) -> 0.43921895 | E7: =COUNTIF(INDEX($B$33:$Y$242,0,MATCH($A7,$B$32:$Y$32,0)),">="&E$2)/ROWS($A$33:$A$242) -> 0.41428571 | F7: =1-_xlfn.BETA.DIST(VLOOKUP($A7,NB_p!$A$2:$G$25,2,FALSE),VLOOKUP($A7,NB_r!$A$2:$G$25,2,FALSE),F$2,TRUE) -> 0.14656567 | G7: =COUNTIF(INDEX($B$33:$Y$242,0,MATCH($A7,$B$32:$Y$32,0)),">="&G$2)/ROWS($A$33:$A$242) -> 0.16666667 | H7: =1-_xlfn.BETA.DIST(VLOOKUP($A7,NB_p!$A$2:$G$25,2,FALSE),VLOOKUP($A7,NB_r!$A$2:$G$25,2,FALSE),H$2,TRUE) -> 0.035522538 | I7: =COUNTIF(INDEX($B$33:$Y$242,0,MATCH($A7,$B$32:$Y$32,0)),">="&I$2)/ROWS($A$33:$A$242) -> 0.038095238 | J7: =1-_xlfn.BETA.DIST(VLOOKUP($A7,NB_p!$A$2:$G$25,2,FALSE),VLOOKUP($A7,NB_r!$A$2:$G$25,2,FALSE),J$2,TRUE) -> 0.0068441648 | K7: =COUNTIF(INDEX($B$33:$Y$242,0,MATCH($A7,$B$32:$Y$32,0)),">="&K$2)/ROWS($A$33:$A$242) -> 0.0095238095
A8: 5 | B8: =1-_xlfn.BETA.DIST(VLOOKUP($A8,NB_p!$A$2:$G$25,2,FALSE),VLOOKUP($A8,NB_r!$A$2:$G$25,2,FALSE),B$2,TRUE) -> 0.90673066 | C8: =COUNTIF(INDEX($B$33:$Y$242,0,MATCH($A8,$B$32:$Y$32,0)),">="&C$2)/ROWS($A$33:$A$242) -> 0.90952381 | D8: =1-_xlfn.BETA.DIST(VLOOKUP($A8,NB_p!$A$2:$G$25,2,FALSE),VLOOKUP($A8,NB_r!$A$2:$G$25,2,FALSE),D$2,TRUE) -> 0.56631009 | E8: =COUNTIF(INDEX($B$33:$Y$242,0,MATCH($A8,$B$32:$Y$32,0)),">="&E$2)/ROWS($A$33:$A$242) -> 0.54285714 | F8: =1-_xlfn.BETA.DIST(VLOOKUP($A8,NB_p!$A$2:$G$25,2,FALSE),VLOOKUP($A8,NB_r!$A$2:$G$25,2,FALSE),F$2,TRUE) -> 0.23388477 | G8: =COUNTIF(INDEX($B$33:$Y$242,0,MATCH($A8,$B$32:$Y$32,0)),">="&G$2)/ROWS($A$33:$A$242) -> 0.20952381 | H8: =1-_xlfn.BETA.DIST(VLOOKUP($A8,NB_p!$A$2:$G$25,2,FALSE),VLOOKUP($A8,NB_r!$A$2:$G$25,2,FALSE),H$2,TRUE) -> 0.069681555 | I8: =COUNTIF(INDEX($B$33:$Y$242,0,MATCH($A8,$B$32:$Y$32,0)),">="&I$2)/ROWS($A$33:$A$242) -> 0.071428571 | J8: =1-_xlfn.BETA.DIST(VLOOKUP($A8,NB_p!$A$2:$G$25,2,FALSE),VLOOKUP($A8,NB_r!$A$2:$G$25,2,FALSE),J$2,TRUE) -> 0.016255632 | K8: =COUNTIF(INDEX($B$33:$Y$242,0,MATCH($A8,$B$32:$Y$32,0)),">="&K$2)/ROWS($A$33:$A$242) -> 0.019047619
A9: 6 | B9: =1-_xlfn.BETA.DIST(VLOOKUP($A9,NB_p!$A$2:$G$25,2,FALSE),VLOOKUP($A9,NB_r!$A$2:$G$25,2,FALSE),B$2,TRUE) -> 0.92250736 | C9: =COUNTIF(INDEX($B$33:$Y$242,0,MATCH($A9,$B$32:$Y$32,0)),">="&C$2)/ROWS($A$33:$A$242) -> 0.95238095 | D9: =1-_xlfn.BETA.DIST(VLOOKUP($A9,NB_p!$A$2:$G$25,2,FALSE),VLOOKUP($A9,NB_r!$A$2:$G$25,2,FALSE),D$2,TRUE) -> 0.68709474 | E9: =COUNTIF(INDEX($B$33:$Y$242,0,MATCH($A9,$B$32:$Y$32,0)),">="&E$2)/ROWS($A$33:$A$242) -> 0.68571429 | F9: =1-_xlfn.BETA.DIST(VLOOKUP($A9,NB_p!$A$2:$G$25,2,FALSE),VLOOKUP($A9,NB_r!$A$2:$G$25,2,FALSE),F$2,TRUE) -> 0.41830156 | G9: =COUNTIF(INDEX($B$33:$Y$242,0,MATCH($A9,$B$32:$Y$32,0)),">="&G$2)/ROWS($A$33:$A$242) -> 0.37619048 | H9: =1-_xlfn.BETA.DIST(VLOOKUP($A9,NB_p!$A$2:$G$25,2,FALSE),VLOOKUP($A9,NB_r!$A$2:$G$25,2,FALSE),H$2,TRUE) -> 0.2186763 | I9: =COUNTIF(INDEX($B$33:$Y$242,0,MATCH($A9,$B$32:$Y$32,0)),">="&I$2)/ROWS($A$33:$A$242) -> 0.19047619 | J9: =1-_xlfn.BETA.DIST(VLOOKUP($A9,NB_p!$A$2:$G$25,2,FALSE),VLOOKUP($A9,NB_r!$A$2:$G$25,2,FALSE),J$2,TRUE) -> 0.10215705 | K9: =COUNTIF(INDEX($B$33:$Y$242,0,MATCH($A9,$B$32:$Y$32,0)),">="&K$2)/ROWS($A$33:$A$242) -> 0.095238095
A10: 23 | B10: =1-_xlfn.BETA.DIST(VLOOKUP($A10,NB_p!$A$2:$G$25,2,FALSE),VLOOKUP($A10,NB_r!$A$2:$G$25,2,FALSE),B$2,TRUE) -> 0.96682926 | C10: =COUNTIF(INDEX($B$33:$Y$242,0,MATCH($A10,$B$32:$Y$32,0)),">="&C$2)/ROWS($A$33:$A$242) -> 0.97142857 | D10: =1-_xlfn.BETA.DIST(VLOOKUP($A10,NB_p!$A$2:$G$25,2,FALSE),VLOOKUP($A10,NB_r!$A$2:$G$25,2,FALSE),D$2,TRUE) -> 0.78091624 | E10: =COUNTIF(INDEX($B$33:$Y$242,0,MATCH($A10,$B$32:$Y$32,0)),">="&E$2)/ROWS($A$33:$A$242) -> 0.82857143 | F10: =1-_xlfn.BETA.DIST(VLOOKUP($A10,NB_p!$A$2:$G$25,2,FALSE),VLOOKUP($A10,NB_r!$A$2:$G$25,2,FALSE),F$2,TRUE) -> 0.48354448 | G10: =COUNTIF(INDEX($B$33:$Y$242,0,MATCH($A10,$B$32:$Y$32,0)),">="&G$2)/ROWS($A$33:$A$242) -> 0.45238095 | H10: =1-_xlfn.BETA.DIST(VLOOKUP($A10,NB_p!$A$2:$G$25,2,FALSE),VLOOKUP($A10,NB_r!$A$2:$G$25,2,FALSE),H$2,TRUE) -> 0.23388285 | I10: =COUNTIF(INDEX($B$33:$Y$242,0,MATCH($A10,$B$32:$Y$32,0)),">="&I$2)/ROWS($A$33:$A$242) -> 0.2047619 | J10: =1-_xlfn.BETA.DIST(VLOOKUP($A10,NB_p!$A$2:$G$25,2,FALSE),VLOOKUP($A10,NB_r!$A$2:$G$25,2,FALSE),J$2,TRUE) -> 0.092548262 | K10: =COUNTIF(INDEX($B$33:$Y$242,0,MATCH($A10,$B$32:$Y$32,0)),">="&K$2)/ROWS($A$33:$A$242) -> 0.076190476
B11: NG_P(X≥5) | C11: Actual_P(X≥5) | D11: NG_P(X≥10) | E11: Actual_P(X≥10) | F11: NG_P(X≥15) | G11: Actual_P(X≥15) | H11: NG_P(X≥20) | I11: Actual_P(X≥20) | J11: NG_P(X≥25) | K11: Actual_P(X≥25) | L11: NG_P(X≥30) | M11: Actual_P(X≥30)
A12: Mid_frequency_hour | B12: 5 | C12: 5 | D12: 10 | E12: 10 | F12: 15 | G12: 15 | H12: 20 | I12: 20 | J12: 25 | K12: 25 | L12: 30 | M12: 30
A13: 7 | B13: =1-_xlfn.BETA.DIST(VLOOKUP($A13,NB_p!$A$2:$G$25,2,FALSE),VLOOKUP($A13,NB_r!$A$2:$G$25,2,FALSE),B$12,TRUE) -> 0.90483955 | C13: =COUNTIF(INDEX($B$33:$Y$242,0,MATCH($A13,$B$32:$Y$32,0)),">="&C$12)/ROWS($A$33:$A$242) -> 0.94761905 | D13: =1-_xlfn.BETA.DIST(VLOOKUP($A13,NB_p!$A$2:$G$25,2,FALSE),VLOOKUP($A13,NB_r!$A$2:$G$25,2,FALSE),D$12,TRUE) -> 0.59815291 | E13: =COUNTIF(INDEX($B$33:$Y$242,0,MATCH($A13,$B$32:$Y$32,0)),">="&E$12)/ROWS($A$33:$A$242) -> 0.6 | F13: =1-_xlfn.BETA.DIST(VLOOKUP($A13,NB_p!$A$2:$G$25,2,FALSE),VLOOKUP($A13,NB_r!$A$2:$G$25,2,FALSE),F$12,TRUE) -> 0.29863876 | G13: =COUNTIF(INDEX($B$33:$Y$242,0,MATCH($A13,$B$32:$Y$32,0)),">="&G$12)/ROWS($A$33:$A$242) -> 0.24761905 | H13: =1-_xlfn.BETA.DIST(VLOOKUP($A13,NB_p!$A$2:$G$25,2,FALSE),VLOOKUP($A13,NB_r!$A$2:$G$25,2,FALSE),H$12,TRUE) -> 0.12250907 | I13: =COUNTIF(INDEX($B$33:$Y$242,0,MATCH($A13,$B$32:$Y$32,0)),">="&I$12)/ROWS($A$33:$A$242) -> 0.10952381 | J13: =1-_xlfn.BETA.DIST(VLOOKUP($A13,NB_p!$A$2:$G$25,2,FALSE),VLOOKUP($A13,NB_r!$A$2:$G$25,2,FALSE),J$12,TRUE) -> 0.043805596 | K13: =COUNTIF(INDEX($B$33:$Y$242,0,MATCH($A13,$B$32:$Y$32,0)),">="&K$12)/ROWS($A$33:$A$242) -> 0.033333333 | L13: =1-_xlfn.BETA.DIST(VLOOKUP($A13,NB_p!$A$2:$G$25,2,FALSE),VLOOKUP($A13,NB_r!$A$2:$G$25,2,FALSE),L$12,TRUE) -> 0.014178069 | M13: =COUNTIF(INDEX($B$33:$Y$242,0,MATCH($A13,$B$32:$Y$32,0)),">="&M$12)/ROWS($A$33:$A$242) -> 0.014285714
A14: 8 | B14: =1-_xlfn.BETA.DIST(VLOOKUP($A14,NB_p!$A$2:$G$25,2,FALSE),VLOOKUP($A14,NB_r!$A$2:$G$25,2,FALSE),B$12,TRUE) -> 0.9731072 | C14: =COUNTIF(INDEX($B$33:$Y$242,0,MATCH($A14,$B$32:$Y$32,0)),">="&C$12)/ROWS($A$33:$A$242) -> 0.9952381 | D14: =1-_xlfn.BETA.DIST(VLOOKUP($A14,NB_p!$A$2:$G$25,2,FALSE),VLOOKUP($A14,NB_r!$A$2:$G$25,2,FALSE),D$12,TRUE) -> 0.79431184 | E14: =COUNTIF(INDEX($B$33:$Y$242,0,MATCH($A14,$B$32:$Y$32,0)),">="&E$12)/ROWS($A$33:$A$242) -> 0.77142857 | F14: =1-_xlfn.BETA.DIST(VLOOKUP($A14,NB_p!$A$2:$G$25,2,FALSE),VLOOKUP($A14,NB_r!$A$2:$G$25,2,FALSE),F$12,TRUE) -> 0.49988185 | G14: =COUNTIF(INDEX($B$33:$Y$242,0,MATCH($A14,$B$32:$Y$32,0)),">="&G$12)/ROWS($A$33:$A$242) -> 0.5 | H14: =1-_xlfn.BETA.DIST(VLOOKUP($A14,NB_p!$A$2:$G$25,2,FALSE),VLOOKUP($A14,NB_r!$A$2:$G$25,2,FALSE),H$12,TRUE) -> 0.24983255 | I14: =COUNTIF(INDEX($B$33:$Y$242,0,MATCH($A14,$B$32:$Y$32,0)),">="&I$12)/ROWS($A$33:$A$242) -> 0.24761905 | J14: =1-_xlfn.BETA.DIST(VLOOKUP($A14,NB_p!$A$2:$G$25,2,FALSE),VLOOKUP($A14,NB_r!$A$2:$G$25,2,FALSE),J$12,TRUE) -> 0.10435864 | K14: =COUNTIF(INDEX($B$33:$Y$242,0,MATCH($A14,$B$32:$Y$32,0)),">="&K$12)/ROWS($A$33:$A$242) -> 0.11428571 | L14: =1-_xlfn.BETA.DIST(VLOOKUP($A14,NB_p!$A$2:$G$25,2,FALSE),VLOOKUP($A14,NB_r!$A$2:$G$25,2,FALSE),L$12,TRUE) -> 0.03799663 | M14: =COUNTIF(INDEX($B$33:$Y$242,0,MATCH($A14,$B$32:$Y$32,0)),">="&M$12)/ROWS($A$33:$A$242) -> 0.042857143
A15: 19 | B15: =1-_xlfn.BETA.DIST(VLOOKUP($A15,NB_p!$A$2:$G$25,2,FALSE),VLOOKUP($A15,NB_r!$A$2:$G$25,2,FALSE),B$12,TRUE) -> 0.99590314 | C15: =COUNTIF(INDEX($B$33:$Y$242,0,MATCH($A15,$B$32:$Y$32,0)),">="&C$12)/ROWS($A$33:$A$242) -> 1 | D15: =1-_xlfn.BETA.DIST(VLOOKUP($A15,NB_p!$A$2:$G$25,2,FALSE),VLOOKUP($A15,NB_r!$A$2:$G$25,2,FALSE),D$12,TRUE) -> 0.91140649 | E15: =COUNTIF(INDEX($B$33:$Y$242,0,MATCH($A15,$B$32:$Y$32,0)),">="&E$12)/ROWS($A$33:$A$242) -> 0.92380952 | F15: =1-_xlfn.BETA.DIST(VLOOKUP($A15,NB_p!$A$2:$G$25,2,FALSE),VLOOKUP($A15,NB_r!$A$2:$G$25,2,FALSE),F$12,TRUE) -> 0.63595652 | G15: =COUNTIF(INDEX($B$33:$Y$242,0,MATCH($A15,$B$32:$Y$32,0)),">="&G$12)/ROWS($A$33:$A$242) -> 0.63809524 | H15: =1-_xlfn.BETA.DIST(VLOOKUP($A15,NB_p!$A$2:$G$25,2,FALSE),VLOOKUP($A15,NB_r!$A$2:$G$25,2,FALSE),H$12,TRUE) -> 0.31066151 | I15: =COUNTIF(INDEX($B$33:$Y$242,0,MATCH($A15,$B$32:$Y$32,0)),">="&I$12)/ROWS($A$33:$A$242) -> 0.32857143 | J15: =1-_xlfn.BETA.DIST(VLOOKUP($A15,NB_p!$A$2:$G$25,2,FALSE),VLOOKUP($A15,NB_r!$A$2:$G$25,2,FALSE),J$12,TRUE) -> 0.10921704 | K15: =COUNTIF(INDEX($B$33:$Y$242,0,MATCH($A15,$B$32:$Y$32,0)),">="&K$12)/ROWS($A$33:$A$242) -> 0.071428571 | L15: =1-_xlfn.BETA.DIST(VLOOKUP($A15,NB_p!$A$2:$G$25,2,FALSE),VLOOKUP($A15,NB_r!$A$2:$G$25,2,FALSE),L$12,TRUE) -> 0.029244558 | M15: =COUNTIF(INDEX($B$33:$Y$242,0,MATCH($A15,$B$32:$Y$32,0)),">="&M$12)/ROWS($A$33:$A$242) -> 0.014285714
A16: 20 | B16: =1-_xlfn.BETA.DIST(VLOOKUP($A16,NB_p!$A$2:$G$25,2,FALSE),VLOOKUP($A16,NB_r!$A$2:$G$25,2,FALSE),B$12,TRUE) -> 0.98531208 | C16: =COUNTIF(INDEX($B$33:$Y$242,0,MATCH($A16,$B$32:$Y$32,0)),">="&C$12)/ROWS($A$33:$A$242) -> 1 | D16: =1-_xlfn.BETA.DIST(VLOOKUP($A16,NB_p!$A$2:$G$25,2,FALSE),VLOOKUP($A16,NB_r!$A$2:$G$25,2,FALSE),D$12,TRUE) -> 0.8112156 | E16: =COUNTIF(INDEX($B$33:$Y$242,0,MATCH($A16,$B$32:$Y$32,0)),">="&E$12)/ROWS($A$33:$A$242) -> 0.85238095 | F16: =1-_xlfn.BETA.DIST(VLOOKUP($A16,NB_p!$A$2:$G$25,2,FALSE),VLOOKUP($A16,NB_r!$A$2:$G$25,2,FALSE),F$12,TRUE) -> 0.45548671 | G16: =COUNTIF(INDEX($B$33:$Y$242,0,MATCH($A16,$B$32:$Y$32,0)),">="&G$12)/ROWS($A$33:$A$242) -> 0.44761905 | H16: =1-_xlfn.BETA.DIST(VLOOKUP($A16,NB_p!$A$2:$G$25,2,FALSE),VLOOKUP($A16,NB_r!$A$2:$G$25,2,FALSE),H$12,TRUE) -> 0.17283107 | I16: =COUNTIF(INDEX($B$33:$Y$242,0,MATCH($A16,$B$32:$Y$32,0)),">="&I$12)/ROWS($A$33:$A$242) -> 0.13333333 | J16: =1-_xlfn.BETA.DIST(VLOOKUP($A16,NB_p!$A$2:$G$25,2,FALSE),VLOOKUP($A16,NB_r!$A$2:$G$25,2,FALSE),J$12,TRUE) -> 0.047613183 | K16: =COUNTIF(INDEX($B$33:$Y$242,0,MATCH($A16,$B$32:$Y$32,0)),">="&K$12)/ROWS($A$33:$A$242) -> 0.042857143 | L16: =1-_xlfn.BETA.DIST(VLOOKUP($A16,NB_p!$A$2:$G$25,2,FALSE),VLOOKUP($A16,NB_r!$A$2:$G$25,2,FALSE),L$12,TRUE) -> 0.010216419 | M16: =COUNTIF(INDEX($B$33:$Y$242,0,MATCH($A16,$B$32:$Y$32,0)),">="&M$12)/ROWS($A$33:$A$242) -> 0.0095238095
A17: 21 | B17: =1-_xlfn.BETA.DIST(VLOOKUP($A17,NB_p!$A$2:$G$25,2,FALSE),VLOOKUP($A17,NB_r!$A$2:$G$25,2,FALSE),B$12,TRUE) -> 0.94849934 | C17: =COUNTIF(INDEX($B$33:$Y$242,0,MATCH($A17,$B$32:$Y$32,0)),">="&C$12)/ROWS($A$33:$A$242) -> 0.98571429 | D17: =1-_xlfn.BETA.DIST(VLOOKUP($A17,NB_p!$A$2:$G$25,2,FALSE),VLOOKUP($A17,NB_r!$A$2:$G$25,2,FALSE),D$12,TRUE) -> 0.69859628 | E17: =COUNTIF(INDEX($B$33:$Y$242,0,MATCH($A17,$B$32:$Y$32,0)),">="&E$12)/ROWS($A$33:$A$242) -> 0.74285714 | F17: =1-_xlfn.BETA.DIST(VLOOKUP($A17,NB_p!$A$2:$G$25,2,FALSE),VLOOKUP($A17,NB_r!$A$2:$G$25,2,FALSE),F$12,TRUE) -> 0.38181604 | G17: =COUNTIF(INDEX($B$33:$Y$242,0,MATCH($A17,$B$32:$Y$32,0)),">="&G$12)/ROWS($A$33:$A$242) -> 0.34761905 | H17: =1-_xlfn.BETA.DIST(VLOOKUP($A17,NB_p!$A$2:$G$25,2,FALSE),VLOOKUP($A17,NB_r!$A$2:$G$25,2,FALSE),H$12,TRUE) -> 0.16502855 | I17: =COUNTIF(INDEX($B$33:$Y$242,0,MATCH($A17,$B$32:$Y$32,0)),">="&I$12)/ROWS($A$33:$A$242) -> 0.11428571 | J17: =1-_xlfn.BETA.DIST(VLOOKUP($A17,NB_p!$A$2:$G$25,2,FALSE),VLOOKUP($A17,NB_r!$A$2:$G$25,2,FALSE),J$12,TRUE) -> 0.060024999 | K17: =COUNTIF(INDEX($B$33:$Y$242,0,MATCH($A17,$B$32:$Y$32,0)),">="&K$12)/ROWS($A$33:$A$242) -> 0.028571429 | L17: =1-_xlfn.BETA.DIST(VLOOKUP($A17,NB_p!$A$2:$G$25,2,FALSE),VLOOKUP($A17,NB_r!$A$2:$G$25,2,FALSE),L$12,TRUE) -> 0.019204071 | M17: =COUNTIF(INDEX($B$33:$Y$242,0,MATCH($A17,$B$32:$Y$32,0)),">="&M$12)/ROWS($A$33:$A$242) -> 0.014285714
A18: 22 | B18: =1-_xlfn.BETA.DIST(VLOOKUP($A18,NB_p!$A$2:$G$25,2,FALSE),VLOOKUP($A18,NB_r!$A$2:$G$25,2,FALSE),B$12,TRUE) -> 0.93971254 | C18: =COUNTIF(INDEX($B$33:$Y$242,0,MATCH($A18,$B$32:$Y$32,0)),">="&C$12)/ROWS($A$33:$A$242) -> 0.95714286 | D18: =1-_xlfn.BETA.DIST(VLOOKUP($A18,NB_p!$A$2:$G$25,2,FALSE),VLOOKUP($A18,NB_r!$A$2:$G$25,2,FALSE),D$12,TRUE) -> 0.59277187 | E18: =COUNTIF(INDEX($B$33:$Y$242,0,MATCH($A18,$B$32:$Y$32,0)),">="&E$12)/ROWS($A$33:$A$242) -> 0.61904762 | F18: =1-_xlfn.BETA.DIST(VLOOKUP($A18,NB_p!$A$2:$G$25,2,FALSE),VLOOKUP($A18,NB_r!$A$2:$G$25,2,FALSE),F$12,TRUE) -> 0.22134433 | G18: =COUNTIF(INDEX($B$33:$Y$242,0,MATCH($A18,$B$32:$Y$32,0)),">="&G$12)/ROWS($A$33:$A$242) -> 0.17619048 | H18: =1-_xlfn.BETA.DIST(VLOOKUP($A18,NB_p!$A$2:$G$25,2,FALSE),VLOOKUP($A18,NB_r!$A$2:$G$25,2,FALSE),H$12,TRUE) -> 0.054551533 | I18: =COUNTIF(INDEX($B$33:$Y$242,0,MATCH($A18,$B$32:$Y$32,0)),">="&I$12)/ROWS($A$33:$A$242) -> 0.038095238 | J18: =1-_xlfn.BETA.DIST(VLOOKUP($A18,NB_p!$A$2:$G$25,2,FALSE),VLOOKUP($A18,NB_r!$A$2:$G$25,2,FALSE),J$12,TRUE) -> 0.0099320855 | K18: =COUNTIF(INDEX($B$33:$Y$242,0,MATCH($A18,$B$32:$Y$32,0)),">="&K$12)/ROWS($A$33:$A$242) -> 0.019047619 | L18: =1-_xlfn.BETA.DIST(VLOOKUP($A18,NB_p!$A$2:$G$25,2,FALSE),VLOOKUP($A18,NB_r!$A$2:$G$25,2,FALSE),L$12,TRUE) -> 0.0014459467 | M18: =COUNTIF(INDEX($B$33:$Y$242,0,MATCH($A18,$B$32:$Y$32,0)),">="&M$12)/ROWS($A$33:$A$242) -> 0.014285714
B19: NG_P(X≥10) | C19: Actual_P(X≥10) | D19: NG_P(X≥15) | E19: Actual_P(X≥15) | F19: NG_P(X≥20) | G19: Actual_P(X≥20) | H19: NG_P(X≥25) | I19: Actual_P(X≥25) | J19: NG_P(X≥30) | K19: Actual_P(X≥30) | L19: NG_P(X≥35) | M19: Actual_P(X≥35) | N19: NG_P(X≥40) | O19: Actual_P(X≥40)
A20: High_frequency_hour | B20: 10 | C20: 10 | D20: 15 | E20: 15 | F20: 20 | G20: 20 | H20: 25 | I20: 25 | J20: 30 | K20: 30 | L20: 35 | M20: 35 | N20: 40 | O20: 40
A21: 9 | B21: =1-_xlfn.BETA.DIST(VLOOKUP($A21,NB_p!$A$2:$G$25,2,FALSE),VLOOKUP($A21,NB_r!$A$2:$G$25,2,FALSE),B$20,TRUE) -> 0.90766882 | C21: =COUNTIF(INDEX($B$33:$Y$242,0,MATCH($A21,$B$32:$Y$32,0)),">="&C$20)/ROWS($A$33:$A$242) -> 0.88571429 | D21: =1-_xlfn.BETA.DIST(VLOOKUP($A21,NB_p!$A$2:$G$25,2,FALSE),VLOOKUP($A21,NB_r!$A$2:$G$25,2,FALSE),D$20,TRUE) -> 0.63528732 | E21: =COUNTIF(INDEX($B$33:$Y$242,0,MATCH($A21,$B$32:$Y$32,0)),">="&E$20)/ROWS($A$33:$A$242) -> 0.69047619 | F21: =1-_xlfn.BETA.DIST(VLOOKUP($A21,NB_p!$A$2:$G$25,2,FALSE),VLOOKUP($A21,NB_r!$A$2:$G$25,2,FALSE),F$20,TRUE) -> 0.31712606 | G21: =COUNTIF(INDEX($B$33:$Y$242,0,MATCH($A21,$B$32:$Y$32,0)),">="&G$20)/ROWS($A$33:$A$242) -> 0.2952381 | H21: =1-_xlfn.BETA.DIST(VLOOKUP($A21,NB_p!$A$2:$G$25,2,FALSE),VLOOKUP($A21,NB_r!$A$2:$G$25,2,FALSE),H$20,TRUE) -> 0.11630825 | I21: =COUNTIF(INDEX($B$33:$Y$242,0,MATCH($A21,$B$32:$Y$32,0)),">="&I$20)/ROWS($A$33:$A$242) -> 0.10952381 | J21: =1-_xlfn.BETA.DIST(VLOOKUP($A21,NB_p!$A$2:$G$25,2,FALSE),VLOOKUP($A21,NB_r!$A$2:$G$25,2,FALSE),J$20,TRUE) -> 0.033089905 | K21: =COUNTIF(INDEX($B$33:$Y$242,0,MATCH($A21,$B$32:$Y$32,0)),">="&K$20)/ROWS($A$33:$A$242) -> 0.038095238 | L21: =1-_xlfn.BETA.DIST(VLOOKUP($A21,NB_p!$A$2:$G$25,2,FALSE),VLOOKUP($A21,NB_r!$A$2:$G$25,2,FALSE),L$20,TRUE) -> 0.0076694401 | M21: =COUNTIF(INDEX($B$33:$Y$242,0,MATCH($A21,$B$32:$Y$32,0)),">="&M$20)/ROWS($A$33:$A$242) -> 0.014285714 | N21: =1-_xlfn.BETA.DIST(VLOOKUP($A21,NB_p!$A$2:$G$25,2,FALSE),VLOOKUP($A21,NB_r!$A$2:$G$25,2,FALSE),N$20,TRUE) -> 0.0015053038 | O21: =COUNTIF(INDEX($B$33:$Y$242,0,MATCH($A21,$B$32:$Y$32,0)),">="&O$20)/ROWS($A$33:$A$242) -> 0
A22: 10 | B22: =1-_xlfn.BETA.DIST(VLOOKUP($A22,NB_p!$A$2:$G$25,2,FALSE),VLOOKUP($A22,NB_r!$A$2:$G$25,2,FALSE),B$20,TRUE) -> 0.91185271 | C22: =COUNTIF(INDEX($B$33:$Y$242,0,MATCH($A22,$B$32:$Y$32,0)),">="&C$20)/ROWS($A$33:$A$242) -> 0.93809524 | D22: =1-_xlfn.BETA.DIST(VLOOKUP($A22,NB_p!$A$2:$G$25,2,FALSE),VLOOKUP($A22,NB_r!$A$2:$G$25,2,FALSE),D$20,TRUE) -> 0.70122206 | E22: =COUNTIF(INDEX($B$33:$Y$242,0,MATCH($A22,$B$32:$Y$32,0)),">="&E$20)/ROWS($A$33:$A$242) -> 0.74285714 | F22: =1-_xlfn.BETA.DIST(VLOOKUP($A22,NB_p!$A$2:$G$25,2,FALSE),VLOOKUP($A22,NB_r!$A$2:$G$25,2,FALSE),F$20,TRUE) -> 0.44003661 | G22: =COUNTIF(INDEX($B$33:$Y$242,0,MATCH($A22,$B$32:$Y$32,0)),">="&G$20)/ROWS($A$33:$A$242) -> 0.41904762 | H22: =1-_xlfn.BETA.DIST(VLOOKUP($A22,NB_p!$A$2:$G$25,2,FALSE),VLOOKUP($A22,NB_r!$A$2:$G$25,2,FALSE),H$20,TRUE) -> 0.23048385 | I22: =COUNTIF(INDEX($B$33:$Y$242,0,MATCH($A22,$B$32:$Y$32,0)),">="&I$20)/ROWS($A$33:$A$242) -> 0.16666667 | J22: =1-_xlfn.BETA.DIST(VLOOKUP($A22,NB_p!$A$2:$G$25,2,FALSE),VLOOKUP($A22,NB_r!$A$2:$G$25,2,FALSE),J$20,TRUE) -> 0.10406904 | K22: =COUNTIF(INDEX($B$33:$Y$242,0,MATCH($A22,$B$32:$Y$32,0)),">="&K$20)/ROWS($A$33:$A$242) -> 0.071428571 | L22: =1-_xlfn.BETA.DIST(VLOOKUP($A22,NB_p!$A$2:$G$25,2,FALSE),VLOOKUP($A22,NB_r!$A$2:$G$25,2,FALSE),L$20,TRUE) -> 0.041677467 | M22: =COUNTIF(INDEX($B$33:$Y$242,0,MATCH($A22,$B$32:$Y$32,0)),">="&M$20)/ROWS($A$33:$A$242) -> 0.023809524 | N22: =1-_xlfn.BETA.DIST(VLOOKUP($A22,NB_p!$A$2:$G$25,2,FALSE),VLOOKUP($A22,NB_r!$A$2:$G$25,2,FALSE),N$20,TRUE) -> 0.015141533 | O22: =COUNTIF(INDEX($B$33:$Y$242,0,MATCH($A22,$B$32:$Y$32,0)),">="&O$20)/ROWS($A$33:$A$242) -> 0.0095238095
A23: 11 | B23: =1-_xlfn.BETA.DIST(VLOOKUP($A23,NB_p!$A$2:$G$25,2,FALSE),VLOOKUP($A23,NB_r!$A$2:$G$25,2,FALSE),B$20,TRUE) -> 0.90932319 | C23: =COUNTIF(INDEX($B$33:$Y$242,0,MATCH($A23,$B$32:$Y$32,0)),">="&C$20)/ROWS($A$33:$A$242) -> 0.95238095 | D23: =1-_xlfn.BETA.DIST(VLOOKUP($A23,NB_p!$A$2:$G$25,2,FALSE),VLOOKUP($A23,NB_r!$A$2:$G$25,2,FALSE),D$20,TRUE) -> 0.71476455 | E23: =COUNTIF(INDEX($B$33:$Y$242,0,MATCH($A23,$B$32:$Y$32,0)),">="&E$20)/ROWS($A$33:$A$242) -> 0.8 | F23: =1-_xlfn.BETA.DIST(VLOOKUP($A23,NB_p!$A$2:$G$25,2,FALSE),VLOOKUP($A23,NB_r!$A$2:$G$25,2,FALSE),F$20,TRUE) -> 0.47514041 | G23: =COUNTIF(INDEX($B$33:$Y$242,0,MATCH($A23,$B$32:$Y$32,0)),">="&G$20)/ROWS($A$33:$A$242) -> 0.49047619 | H23: =1-_xlfn.BETA.DIST(VLOOKUP($A23,NB_p!$A$2:$G$25,2,FALSE),VLOOKUP($A23,NB_r!$A$2:$G$25,2,FALSE),H$20,TRUE) -> 0.27281596 | I23: =COUNTIF(INDEX($B$33:$Y$242,0,MATCH($A23,$B$32:$Y$32,0)),">="&I$20)/ROWS($A$33:$A$242) -> 0.2047619 | J23: =1-_xlfn.BETA.DIST(VLOOKUP($A23,NB_p!$A$2:$G$25,2,FALSE),VLOOKUP($A23,NB_r!$A$2:$G$25,2,FALSE),J$20,TRUE) -> 0.13895181 | K23: =COUNTIF(INDEX($B$33:$Y$242,0,MATCH($A23,$B$32:$Y$32,0)),">="&K$20)/ROWS($A$33:$A$242) -> 0.052380952 | L23: =1-_xlfn.BETA.DIST(VLOOKUP($A23,NB_p!$A$2:$G$25,2,FALSE),VLOOKUP($A23,NB_r!$A$2:$G$25,2,FALSE),L$20,TRUE) -> 0.064237865 | M23: =COUNTIF(INDEX($B$33:$Y$242,0,MATCH($A23,$B$32:$Y$32,0)),">="&M$20)/ROWS($A$33:$A$242) -> 0.014285714 | N23: =1-_xlfn.BETA.DIST(VLOOKUP($A23,NB_p!$A$2:$G$25,2,FALSE),VLOOKUP($A23,NB_r!$A$2:$G$25,2,FALSE),N$20,TRUE) -> 0.02744861 | O23: =COUNTIF(INDEX($B$33:$Y$242,0,MATCH($A23,$B$32:$Y$32,0)),">="&O$20)/ROWS($A$33:$A$242) -> 0.0095238095
A24: 12 | B24: =1-_xlfn.BETA.DIST(VLOOKUP($A24,NB_p!$A$2:$G$25,2,FALSE),VLOOKUP($A24,NB_r!$A$2:$G$25,2,FALSE),B$20,TRUE) -> 0.71816706 | C24: =COUNTIF(INDEX($B$33:$Y$242,0,MATCH($A24,$B$32:$Y$32,0)),">="&C$20)/ROWS($A$33:$A$242) -> 0.98571429 | D24: =1-_xlfn.BETA.DIST(VLOOKUP($A24,NB_p!$A$2:$G$25,2,FALSE),VLOOKUP($A24,NB_r!$A$2:$G$25,2,FALSE),D$20,TRUE) -> 0.57169203 | E24: =COUNTIF(INDEX($B$33:$Y$242,0,MATCH($A24,$B$32:$Y$32,0)),">="&E$20)/ROWS($A$33:$A$242) -> 0.82380952 | F24: =1-_xlfn.BETA.DIST(VLOOKUP($A24,NB_p!$A$2:$G$25,2,FALSE),VLOOKUP($A24,NB_r!$A$2:$G$25,2,FALSE),F$20,TRUE) -> 0.44699486 | G24: =COUNTIF(INDEX($B$33:$Y$242,0,MATCH($A24,$B$32:$Y$32,0)),">="&G$20)/ROWS($A$33:$A$242) -> 0.51428571 | H24: =1-_xlfn.BETA.DIST(VLOOKUP($A24,NB_p!$A$2:$G$25,2,FALSE),VLOOKUP($A24,NB_r!$A$2:$G$25,2,FALSE),H$20,TRUE) -> 0.34523847 | I24: =COUNTIF(INDEX($B$33:$Y$242,0,MATCH($A24,$B$32:$Y$32,0)),">="&I$20)/ROWS($A$33:$A$242) -> 0.23809524 | J24: =1-_xlfn.BETA.DIST(VLOOKUP($A24,NB_p!$A$2:$G$25,2,FALSE),VLOOKUP($A24,NB_r!$A$2:$G$25,2,FALSE),J$20,TRUE) -> 0.26426543 | K24: =COUNTIF(INDEX($B$33:$Y$242,0,MATCH($A24,$B$32:$Y$32,0)),">="&K$20)/ROWS($A$33:$A$242) -> 0.095238095 | L24: =1-_xlfn.BETA.DIST(VLOOKUP($A24,NB_p!$A$2:$G$25,2,FALSE),VLOOKUP($A24,NB_r!$A$2:$G$25,2,FALSE),L$20,TRUE) -> 0.20089798 | M24: =COUNTIF(INDEX($B$33:$Y$242,0,MATCH($A24,$B$32:$Y$32,0)),">="&M$20)/ROWS($A$33:$A$242) -> 0.052380952 | N24: =1-_xlfn.BETA.DIST(VLOOKUP($A24,NB_p!$A$2:$G$25,2,FALSE),VLOOKUP($A24,NB_r!$A$2:$G$25,2,FALSE),N$20,TRUE) -> 0.15189502 | O24: =COUNTIF(INDEX($B$33:$Y$242,0,MATCH($A24,$B$32:$Y$32,0)),">="&O$20)/ROWS($A$33:$A$242) -> 0.023809524
A25: 13 | B25: =1-_xlfn.BETA.DIST(VLOOKUP($A25,NB_p!$A$2:$G$25,2,FALSE),VLOOKUP($A25,NB_r!$A$2:$G$25,2,FALSE),B$20,TRUE) -> 0.67188532 | C25: =COUNTIF(INDEX($B$33:$Y$242,0,MATCH($A25,$B$32:$Y$32,0)),">="&C$20)/ROWS($A$33:$A$242) -> 0.98571429 | D25: =1-_xlfn.BETA.DIST(VLOOKUP($A25,NB_p!$A$2:$G$25,2,FALSE),VLOOKUP($A25,NB_r!$A$2:$G$25,2,FALSE),D$20,TRUE) -> 0.5360323 | E25: =COUNTIF(INDEX($B$33:$Y$242,0,MATCH($A25,$B$32:$Y$32,0)),">="&E$20)/ROWS($A$33:$A$242) -> 0.83333333 | F25: =1-_xlfn.BETA.DIST(VLOOKUP($A25,NB_p!$A$2:$G$25,2,FALSE),VLOOKUP($A25,NB_r!$A$2:$G$25,2,FALSE),F$20,TRUE) -> 0.42487856 | G25: =COUNTIF(INDEX($B$33:$Y$242,0,MATCH($A25,$B$32:$Y$32,0)),">="&G$20)/ROWS($A$33:$A$242) -> 0.47619048 | H25: =1-_xlfn.BETA.DIST(VLOOKUP($A25,NB_p!$A$2:$G$25,2,FALSE),VLOOKUP($A25,NB_r!$A$2:$G$25,2,FALSE),H$20,TRUE) -> 0.33532222 | I25: =COUNTIF(INDEX($B$33:$Y$242,0,MATCH($A25,$B$32:$Y$32,0)),">="&I$20)/ROWS($A$33:$A$242) -> 0.23333333 | J25: =1-_xlfn.BETA.DIST(VLOOKUP($A25,NB_p!$A$2:$G$25,2,FALSE),VLOOKUP($A25,NB_r!$A$2:$G$25,2,FALSE),J$20,TRUE) -> 0.26381922 | K25: =COUNTIF(INDEX($B$33:$Y$242,0,MATCH($A25,$B$32:$Y$32,0)),">="&K$20)/ROWS($A$33:$A$242) -> 0.1047619 | L25: =1-_xlfn.BETA.DIST(VLOOKUP($A25,NB_p!$A$2:$G$25,2,FALSE),VLOOKUP($A25,NB_r!$A$2:$G$25,2,FALSE),L$20,TRUE) -> 0.20707214 | M25: =COUNTIF(INDEX($B$33:$Y$242,0,MATCH($A25,$B$32:$Y$32,0)),">="&M$20)/ROWS($A$33:$A$242) -> 0.042857143 | N25: =1-_xlfn.BETA.DIST(VLOOKUP($A25,NB_p!$A$2:$G$25,2,FALSE),VLOOKUP($A25,NB_r!$A$2:$G$25,2,FALSE),N$20,TRUE) -> 0.16222778 | O25: =COUNTIF(INDEX($B$33:$Y$242,0,MATCH($A25,$B$32:$Y$32,0)),">="&O$20)/ROWS($A$33:$A$242) -> 0.028571429
A26: 14 | B26: =1-_xlfn.BETA.DIST(VLOOKUP($A26,NB_p!$A$2:$G$25,2,FALSE),VLOOKUP($A26,NB_r!$A$2:$G$25,2,FALSE),B$20,TRUE) -> 0.82616412 | C26: =COUNTIF(INDEX($B$33:$Y$242,0,MATCH($A26,$B$32:$Y$32,0)),">="&C$20)/ROWS($A$33:$A$242) -> 0.93809524 | D26: =1-_xlfn.BETA.DIST(VLOOKUP($A26,NB_p!$A$2:$G$25,2,FALSE),VLOOKUP($A26,NB_r!$A$2:$G$25,2,FALSE),D$20,TRUE) -> 0.65584196 | E26: =COUNTIF(INDEX($B$33:$Y$242,0,MATCH($A26,$B$32:$Y$32,0)),">="&E$20)/ROWS($A$33:$A$242) -> 0.78571429 | F26: =1-_xlfn.BETA.DIST(VLOOKUP($A26,NB_p!$A$2:$G$25,2,FALSE),VLOOKUP($A26,NB_r!$A$2:$G$25,2,FALSE),F$20,TRUE) -> 0.48830074 | G26: =COUNTIF(INDEX($B$33:$Y$242,0,MATCH($A26,$B$32:$Y$32,0)),">="&G$20)/ROWS($A$33:$A$242) -> 0.53333333 | H26: =1-_xlfn.BETA.DIST(VLOOKUP($A26,NB_p!$A$2:$G$25,2,FALSE),VLOOKUP($A26,NB_r!$A$2:$G$25,2,FALSE),H$20,TRUE) -> 0.34647262 | I26: =COUNTIF(INDEX($B$33:$Y$242,0,MATCH($A26,$B$32:$Y$32,0)),">="&I$20)/ROWS($A$33:$A$242) -> 0.24761905 | J26: =1-_xlfn.BETA.DIST(VLOOKUP($A26,NB_p!$A$2:$G$25,2,FALSE),VLOOKUP($A26,NB_r!$A$2:$G$25,2,FALSE),J$20,TRUE) -> 0.23692572 | K26: =COUNTIF(INDEX($B$33:$Y$242,0,MATCH($A26,$B$32:$Y$32,0)),">="&K$20)/ROWS($A$33:$A$242) -> 0.10952381 | L26: =1-_xlfn.BETA.DIST(VLOOKUP($A26,NB_p!$A$2:$G$25,2,FALSE),VLOOKUP($A26,NB_r!$A$2:$G$25,2,FALSE),L$20,TRUE) -> 0.15738099 | M26: =COUNTIF(INDEX($B$33:$Y$242,0,MATCH($A26,$B$32:$Y$32,0)),">="&M$20)/ROWS($A$33:$A$242) -> 0.057142857 | N26: =1-_xlfn.BETA.DIST(VLOOKUP($A26,NB_p!$A$2:$G$25,2,FALSE),VLOOKUP($A26,NB_r!$A$2:$G$25,2,FALSE),N$20,TRUE) -> 0.1021332 | O26: =COUNTIF(INDEX($B$33:$Y$242,0,MATCH($A26,$B$32:$Y$32,0)),">="&O$20)/ROWS($A$33:$A$242) -> 0.038095238
A27: 15 | B27: =1-_xlfn.BETA.DIST(VLOOKUP($A27,NB_p!$A$2:$G$25,2,FALSE),VLOOKUP($A27,NB_r!$A$2:$G$25,2,FALSE),B$20,TRUE) -> 0.89179976 | C27: =COUNTIF(INDEX($B$33:$Y$242,0,MATCH($A27,$B$32:$Y$32,0)),">="&C$20)/ROWS($A$33:$A$242) -> 0.96666667 | D27: =1-_xlfn.BETA.DIST(VLOOKUP($A27,NB_p!$A$2:$G$25,2,FALSE),VLOOKUP($A27,NB_r!$A$2:$G$25,2,FALSE),D$20,TRUE) -> 0.72734135 | E27: =COUNTIF(INDEX($B$33:$Y$242,0,MATCH($A27,$B$32:$Y$32,0)),">="&E$20)/ROWS($A$33:$A$242) -> 0.85714286 | F27: =1-_xlfn.BETA.DIST(VLOOKUP($A27,NB_p!$A$2:$G$25,2,FALSE),VLOOKUP($A27,NB_r!$A$2:$G$25,2,FALSE),F$20,TRUE) -> 0.53792603 | G27: =COUNTIF(INDEX($B$33:$Y$242,0,MATCH($A27,$B$32:$Y$32,0)),">="&G$20)/ROWS($A$33:$A$242) -> 0.60952381 | H27: =1-_xlfn.BETA.DIST(VLOOKUP($A27,NB_p!$A$2:$G$25,2,FALSE),VLOOKUP($A27,NB_r!$A$2:$G$25,2,FALSE),H$20,TRUE) -> 0.36708597 | I27: =COUNTIF(INDEX($B$33:$Y$242,0,MATCH($A27,$B$32:$Y$32,0)),">="&I$20)/ROWS($A$33:$A$242) -> 0.28095238 | J27: =1-_xlfn.BETA.DIST(VLOOKUP($A27,NB_p!$A$2:$G$25,2,FALSE),VLOOKUP($A27,NB_r!$A$2:$G$25,2,FALSE),J$20,TRUE) -> 0.23484413 | K27: =COUNTIF(INDEX($B$33:$Y$242,0,MATCH($A27,$B$32:$Y$32,0)),">="&K$20)/ROWS($A$33:$A$242) -> 0.12857143 | L27: =1-_xlfn.BETA.DIST(VLOOKUP($A27,NB_p!$A$2:$G$25,2,FALSE),VLOOKUP($A27,NB_r!$A$2:$G$25,2,FALSE),L$20,TRUE) -> 0.14263912 | M27: =COUNTIF(INDEX($B$33:$Y$242,0,MATCH($A27,$B$32:$Y$32,0)),">="&M$20)/ROWS($A$33:$A$242) -> 0.061904762 | N27: =1-_xlfn.BETA.DIST(VLOOKUP($A27,NB_p!$A$2:$G$25,2,FALSE),VLOOKUP($A27,NB_r!$A$2:$G$25,2,FALSE),N$20,TRUE) -> 0.083051043 | O27: =COUNTIF(INDEX($B$33:$Y$242,0,MATCH($A27,$B$32:$Y$32,0)),">="&O$20)/ROWS($A$33:$A$242) -> 0.042857143
A28: 16 | B28: =1-_xlfn.BETA.DIST(VLOOKUP($A28,NB_p!$A$2:$G$25,2,FALSE),VLOOKUP($A28,NB_r!$A$2:$G$25,2,FALSE),B$20,TRUE) -> 0.96272083 | C28: =COUNTIF(INDEX($B$33:$Y$242,0,MATCH($A28,$B$32:$Y$32,0)),">="&C$20)/ROWS($A$33:$A$242) -> 0.9952381 | D28: =1-_xlfn.BETA.DIST(VLOOKUP($A28,NB_p!$A$2:$G$25,2,FALSE),VLOOKUP($A28,NB_r!$A$2:$G$25,2,FALSE),D$20,TRUE) -> 0.81756559 | E28: =COUNTIF(INDEX($B$33:$Y$242,0,MATCH($A28,$B$32:$Y$32,0)),">="&E$20)/ROWS($A$33:$A$242) -> 0.85238095 | F28: =1-_xlfn.BETA.DIST(VLOOKUP($A28,NB_p!$A$2:$G$25,2,FALSE),VLOOKUP($A28,NB_r!$A$2:$G$25,2,FALSE),F$20,TRUE) -> 0.5704938 | G28: =COUNTIF(INDEX($B$33:$Y$242,0,MATCH($A28,$B$32:$Y$32,0)),">="&G$20)/ROWS($A$33:$A$242) -> 0.57619048 | H28: =1-_xlfn.BETA.DIST(VLOOKUP($A28,NB_p!$A$2:$G$25,2,FALSE),VLOOKUP($A28,NB_r!$A$2:$G$25,2,FALSE),H$20,TRUE) -> 0.32454277 | I28: =COUNTIF(INDEX($B$33:$Y$242,0,MATCH($A28,$B$32:$Y$32,0)),">="&I$20)/ROWS($A$33:$A$242) -> 0.30952381 | J28: =1-_xlfn.BETA.DIST(VLOOKUP($A28,NB_p!$A$2:$G$25,2,FALSE),VLOOKUP($A28,NB_r!$A$2:$G$25,2,FALSE),J$20,TRUE) -> 0.15395288 | K28: =COUNTIF(INDEX($B$33:$Y$242,0,MATCH($A28,$B$32:$Y$32,0)),">="&K$20)/ROWS($A$33:$A$242) -> 0.11428571 | L28: =1-_xlfn.BETA.DIST(VLOOKUP($A28,NB_p!$A$2:$G$25,2,FALSE),VLOOKUP($A28,NB_r!$A$2:$G$25,2,FALSE),L$20,TRUE) -> 0.062656099 | M28: =COUNTIF(INDEX($B$33:$Y$242,0,MATCH($A28,$B$32:$Y$32,0)),">="&M$20)/ROWS($A$33:$A$242) -> 0.042857143 | N28: =1-_xlfn.BETA.DIST(VLOOKUP($A28,NB_p!$A$2:$G$25,2,FALSE),VLOOKUP($A28,NB_r!$A$2:$G$25,2,FALSE),N$20,TRUE) -> 0.022446388 | O28: =COUNTIF(INDEX($B$33:$Y$242,0,MATCH($A28,$B$32:$Y$32,0)),">="&O$20)/ROWS($A$33:$A$242) -> 0.019047619
A29: 17 | B29: =1-_xlfn.BETA.DIST(VLOOKUP($A29,NB_p!$A$2:$G$25,2,FALSE),VLOOKUP($A29,NB_r!$A$2:$G$25,2,FALSE),B$20,TRUE) -> 0.92824137 | C29: =COUNTIF(INDEX($B$33:$Y$242,0,MATCH($A29,$B$32:$Y$32,0)),">="&C$20)/ROWS($A$33:$A$242) -> 0.95714286 | D29: =1-_xlfn.BETA.DIST(VLOOKUP($A29,NB_p!$A$2:$G$25,2,FALSE),VLOOKUP($A29,NB_r!$A$2:$G$25,2,FALSE),D$20,TRUE) -> 0.76193733 | E29: =COUNTIF(INDEX($B$33:$Y$242,0,MATCH($A29,$B$32:$Y$32,0)),">="&E$20)/ROWS($A$33:$A$242) -> 0.8047619 | F29: =1-_xlfn.BETA.DIST(VLOOKUP($A29,NB_p!$A$2:$G$25,2,FALSE),VLOOKUP($A29,NB_r!$A$2:$G$25,2,FALSE),F$20,TRUE) -> 0.53953418 | G29: =COUNTIF(INDEX($B$33:$Y$242,0,MATCH($A29,$B$32:$Y$32,0)),">="&G$20)/ROWS($A$33:$A$242) -> 0.5047619 | H29: =1-_xlfn.BETA.DIST(VLOOKUP($A29,NB_p!$A$2:$G$25,2,FALSE),VLOOKUP($A29,NB_r!$A$2:$G$25,2,FALSE),H$20,TRUE) -> 0.33431999 | I29: =COUNTIF(INDEX($B$33:$Y$242,0,MATCH($A29,$B$32:$Y$32,0)),">="&I$20)/ROWS($A$33:$A$242) -> 0.2952381 | J29: =1-_xlfn.BETA.DIST(VLOOKUP($A29,NB_p!$A$2:$G$25,2,FALSE),VLOOKUP($A29,NB_r!$A$2:$G$25,2,FALSE),J$20,TRUE) -> 0.18530517 | K29: =COUNTIF(INDEX($B$33:$Y$242,0,MATCH($A29,$B$32:$Y$32,0)),">="&K$20)/ROWS($A$33:$A$242) -> 0.17142857 | L29: =1-_xlfn.BETA.DIST(VLOOKUP($A29,NB_p!$A$2:$G$25,2,FALSE),VLOOKUP($A29,NB_r!$A$2:$G$25,2,FALSE),L$20,TRUE) -> 0.093748425 | M29: =COUNTIF(INDEX($B$33:$Y$242,0,MATCH($A29,$B$32:$Y$32,0)),">="&M$20)/ROWS($A$33:$A$242) -> 0.080952381 | N29: =1-_xlfn.BETA.DIST(VLOOKUP($A29,NB_p!$A$2:$G$25,2,FALSE),VLOOKUP($A29,NB_r!$A$2:$G$25,2,FALSE),N$20,TRUE) -> 0.044007486 | O29: =COUNTIF(INDEX($B$33:$Y$242,0,MATCH($A29,$B$32:$Y$32,0)),">="&O$20)/ROWS($A$33:$A$242) -> 0.047619048
A30: 18 | B30: =1-_xlfn.BETA.DIST(VLOOKUP($A30,NB_p!$A$2:$G$25,2,FALSE),VLOOKUP($A30,NB_r!$A$2:$G$25,2,FALSE),B$20,TRUE) -> 0.93931125 | C30: =COUNTIF(INDEX($B$33:$Y$242,0,MATCH($A30,$B$32:$Y$32,0)),">="&C$20)/ROWS($A$33:$A$242) -> 0.94761905 | D30: =1-_xlfn.BETA.DIST(VLOOKUP($A30,NB_p!$A$2:$G$25,2,FALSE),VLOOKUP($A30,NB_r!$A$2:$G$25,2,FALSE),D$20,TRUE) -> 0.72721764 | E30: =COUNTIF(INDEX($B$33:$Y$242,0,MATCH($A30,$B$32:$Y$32,0)),">="&E$20)/ROWS($A$33:$A$242) -> 0.72857143 | F30: =1-_xlfn.BETA.DIST(VLOOKUP($A30,NB_p!$A$2:$G$25,2,FALSE),VLOOKUP($A30,NB_r!$A$2:$G$25,2,FALSE),F$20,TRUE) -> 0.42657931 | G30: =COUNTIF(INDEX($B$33:$Y$242,0,MATCH($A30,$B$32:$Y$32,0)),">="&G$20)/ROWS($A$33:$A$242) -> 0.43333333 | H30: =1-_xlfn.BETA.DIST(VLOOKUP($A30,NB_p!$A$2:$G$25,2,FALSE),VLOOKUP($A30,NB_r!$A$2:$G$25,2,FALSE),H$20,TRUE) -> 0.19114186 | I30: =COUNTIF(INDEX($B$33:$Y$242,0,MATCH($A30,$B$32:$Y$32,0)),">="&I$20)/ROWS($A$33:$A$242) -> 0.18095238 | J30: =1-_xlfn.BETA.DIST(VLOOKUP($A30,NB_p!$A$2:$G$25,2,FALSE),VLOOKUP($A30,NB_r!$A$2:$G$25,2,FALSE),J$20,TRUE) -> 0.068090344 | K30: =COUNTIF(INDEX($B$33:$Y$242,0,MATCH($A30,$B$32:$Y$32,0)),">="&K$20)/ROWS($A$33:$A$242) -> 0.061904762 | L30: =1-_xlfn.BETA.DIST(VLOOKUP($A30,NB_p!$A$2:$G$25,2,FALSE),VLOOKUP($A30,NB_r!$A$2:$G$25,2,FALSE),L$20,TRUE) -> 0.020088517 | M30: =COUNTIF(INDEX($B$33:$Y$242,0,MATCH($A30,$B$32:$Y$32,0)),">="&M$20)/ROWS($A$33:$A$242) -> 0.014285714 | N30: =1-_xlfn.BETA.DIST(VLOOKUP($A30,NB_p!$A$2:$G$25,2,FALSE),VLOOKUP($A30,NB_r!$A$2:$G$25,2,FALSE),N$20,TRUE) -> 0.0050782608 | O30: =COUNTIF(INDEX($B$33:$Y$242,0,MATCH($A30,$B$32:$Y$32,0)),">="&O$20)/ROWS($A$33:$A$242) -> 0.0047619048
A32: Hour | B32: 0 | C32: 1 | D32: 2 | E32: 3 | F32: 4 | G32: 5 | H32: 6 | I32: 7 | J32: 8 | K32: 9 | L32: 10 | M32: 11 | N32: 12 | O32: 13 | P32: 14 | Q32: 15 | R32: 16 | S32: 17 | T32: 18 | U32: 19 | V32: 20 | W32: 21 | X32: 22 | Y32: 23
A33: 43831 | B33: 21 | C33: 13 | D33: 5 | E33: 7 | F33: 3 | G33: 11 | H33: 6 | I33: 6 | J33: 11 | K33: 16 | L33: 15 | M33: 11 | N33: 15 | O33: 20 | P33: 18 | Q33: 17 | R33: 15 | S33: 22 | T33: 15 | U33: 19 | V33: 13 | W33: 17 | X33: 10 | Y33: 7
A34: 43832 | B34: 9 | C34: 2 | D34: 5 | E34: 6 | F34: 9 | G34: 8 | H34: 7 | I34: 11 | J34: 20 | K34: 29 | L34: 23 | M34: 29 | N34: 19 | O34: 19 | P34: 23 | Q34: 24 | R34: 32 | S34: 37 | T34: 20 | U34: 21 | V34: 15 | W34: 17 | X34: 12 | Y34: 18
A35: 43833 | B35: 7 | C35: 6 | D35: 4 | E35: 3 | F35: 13 | G35: 4 | H35: 24 | I35: 23 | J35: 24 | K35: 22 | L35: 20 | M35: 24 | N35: 19 | O35: 17 | P35: 20 | Q35: 21 | R35: 21 | S35: 41 | T35: 19 | U35: 20 | V35: 10 | W35: 9 | X35: 13 | Y35: 7
A36: 43834 | B36: 10 | C36: 9 | D36: 11 | E36: 20 | F36: 15 | G36: 12 | H36: 3 | I36: 12 | J36: 16 | K36: 17 | L36: 19 | M36: 19 | N36: 24 | O36: 29 | P36: 19 | Q36: 15 | R36: 18 | S36: 26 | T36: 29 | U36: 23 | V36: 10 | W36: 21 | X36: 11 | Y36: 14
A37: 43835 | B37: 9 | C37: 10 | D37: 9 | E37: 5 | F37: 2 | G37: 6 | H37: 7 | I37: 13 | J37: 13 | K37: 16 | L37: 17 | M37: 23 | N37: 10 | O37: 24 | P37: 16 | Q37: 10 | R37: 15 | S37: 15 | T37: 14 | U37: 18 | V37: 11 | W37: 6 | X37: 11 | Y37: 9
A38: 43836 | B38: 2 | C38: 6 | D38: 2 | E38: 9 | F38: 3 | G38: 9 | H38: 13 | I38: 17 | J38: 18 | K38: 18 | L38: 18 | M38: 22 | N38: 23 | O38: 14 | P38: 21 | Q38: 24 | R38: 25 | S38: 26 | T38: 13 | U38: 14 | V38: 20 | W38: 13 | X38: 15 | Y38: 8
A39: 43837 | B39: 4 | C39: 4 | D39: 6 | E39: 3 | F39: 6 | G39: 3 | H39: 10 | I39: 21 | J39: 28 | K39: 20 | L39: 27 | M39: 28 | N39: 14 | O39: 21 | P39: 18 | Q39: 15 | R39: 27 | S39: 36 | T39: 17 | U39: 19 | V39: 19 | W39: 10 | X39: 11 | Y39: 8
A40: 43838 | B40: 4 | C40: 8 | D40: 10 | E40: 9 | F40: 10 | G40: 10 | H40: 11 | I40: 16 | J40: 24 | K40: 25 | L40: 23 | M40: 25 | N40: 21 | O40: 20 | P40: 21 | Q40: 30 | R40: 32 | S40: 31 | T40: 24 | U40: 21 | V40: 19 | W40: 7 | X40: 2 | Y40: 9
A41: 43839 | B41: 8 | C41: 4 | D41: 3 | E41: 3 | F41: 4 | G41: 5 | H41: 6 | I41: 14 | J41: 35 | K41: 18 | L41: 17 | M41: 21 | N41: 25 | O41: 11 | P41: 22 | Q41: 23 | R41: 20 | S41: 30 | T41: 13 | U41: 19 | V41: 14 | W41: 11 | X41: 15 | Y41: 12
A42: 43840 | B42: 5 | C42: 10 | D42: 16 | E42: 5 | F42: 5 | G42: 6 | H42: 14 | I42: 18 | J42: 30 | K42: 27 | L42: 18 | M42: 25 | N42: 27 | O42: 16 | P42: 11 | Q42: 33 | R42: 29 | S42: 37 | T42: 27 | U42: 21 | V42: 15 | W42: 12 | X42: 21 | Y42: 7
A43: 43841 | B43: 6 | C43: 5 | D43: 6 | E43: 8 | F43: 8 | G43: 6 | H43: 3 | I43: 7 | J43: 15 | K43: 11 | L43: 25 | M43: 25 | N43: 24 | O43: 13 | P43: 18 | Q43: 24 | R43: 23 | S43: 28 | T43: 26 | U43: 22 | V43: 14 | W43: 19 | X43: 14 | Y43: 11
A44: 43842 | B44: 12 | C44: 14 | D44: 13 | E44: 2 | F44: 10 | G44: 10 | H44: 5 | I44: 11 | J44: 19 | K44: 23 | L44: 24 | M44: 19 | N44: 15 | O44: 25 | P44: 24 | Q44: 29 | R44: 11 | S44: 19 | T44: 13 | U44: 9 | V44: 13 | W44: 2 | X44: 4 | Y44: 8
... A242: 44040 | B242: 6 | C242: 4 | D242: 3 | E242: 8 | F242: 7 | G242: 8 | H242: 13 | I242: 17 | J242: 32 | K242: 20 | L242: 23 | M242: 24 | N242: 28 | O242: 19 | P242: 22 | Q242: 17 | R242: 31 | S242: 16 | T242: 13 | U242: 16 | V242: 8 | W242: 13 | X242: 13 | Y242: 9

Sheet 2019
B1: NG_P(X≥3) | C1: Actual_P(X≥3) | D1: NG_P(X≥6) | E1: Actual_P(X≥6) | F1: NG_P(X≥9) | G1: Actual_P(X≥9) | H1: NG_P(X≥12) | I1: Actual_P(X≥12) | J1: NG_P(X≥15) | K1: Actual_P(X≥15)
A2: Low_frequency_hour | B2: 3 | C2: 3 | D2: 6 | E2: 6 | F2: 9 | G2: 9 | H2: 12 | I2: 12 | J2: 15 | K2: 15
A3: 0 | B3: =1-_xlfn.BETA.DIST(VLOOKUP($A3,NB_p!$A$2:$G$25,3,FALSE),VLOOKUP($A3,NB_r!$A$2:$G$25,3,FALSE),B$2,TRUE) -> 0.81271186 | C3: =COUNTIF(INDEX($B$33:$Y$397,0,MATCH($A3,$B$32:$Y$32,0)),">="&C$2)/ROWS($A$33:$A$397) -> 0.96986301 | D3: =1-_xlfn.BETA.DIST(VLOOKUP($A3,NB_p!$A$2:$G$25,3,FALSE),VLOOKUP($A3,NB_r!$A$2:$G$25,3,FALSE),D$2,TRUE) -> 0.59466883 | E3: =COUNTIF(INDEX($B$33:$Y$397,0,MATCH($A3,$B$32:$Y$32,0)),">="&E$2)/ROWS($A$33:$A$397) -> 0.76712329 | F3: =1-_xlfn.BETA.DIST(VLOOKUP($A3,NB_p!$A$2:$G$25,3,FALSE),VLOOKUP($A3,NB_r!$A$2:$G$25,3,FALSE),F$2,TRUE) -> 0.4148989 | G3: =COUNTIF(INDEX($B$33:$Y$397,0,MATCH($A3,$B$32:$Y$32,0)),">="&G$2)/ROWS($A$33:$A$397) -> 0.45479452 | H3: =1-_xlfn.BETA.DIST(VLOOKUP($A3,NB_p!$A$2:$G$25,3,FALSE),VLOOKUP($A3,NB_r!$A$2:$G$25,3,FALSE),H$2,TRUE) -> 0.28142587 | I3: =COUNTIF(INDEX($B$33:$Y$397,0,MATCH($A3,$B$32:$Y$32,0)),">="&I$2)/ROWS($A$33:$A$397) -> 0.20547945 | J3: =1-_xlfn.BETA.DIST(VLOOKUP($A3,NB_p!$A$2:$G$25,3,FALSE),VLOOKUP($A3,NB_r!$A$2:$G$25,3,FALSE),J$2,TRUE) -> 0.18732881 | K3: =COUNTIF(INDEX($B$33:$Y$397,0,MATCH($A3,$B$32:$Y$32,0)),">="&K$2)/ROWS($A$33:$A$397) -> 0.084931507
A4: 1 | B4: =1-_xlfn.BETA.DIST(VLOOKUP($A4,NB_p!$A$2:$G$25,3,FALSE),VLOOKUP($A4,NB_r!$A$2:$G$25,3,FALSE),B$2,TRUE) -> 0.84308208 | C4: =COUNTIF(INDEX($B$33:$Y$397,0,MATCH($A4,$B$32:$Y$32,0)),">="&C$2)/ROWS($A$33:$A$397) -> 0.96438356 | D4: =1-_xlfn.BETA.DIST(VLOOKUP($A4,NB_p!$A$2:$G$25,3,FALSE),VLOOKUP($A4,NB_r!$A$2:$G$25,3,FALSE),D$2,TRUE) -> 0.56896197 | E4: =COUNTIF(INDEX($B$33:$Y$397,0,MATCH($A4,$B$32:$Y$32,0)),">="&E$2)/ROWS($A$33:$A$397) -> 0.64657534 | F4: =1-_xlfn.BETA.DIST(VLOOKUP($A4,NB_p!$A$2:$G$25,3,FALSE),VLOOKUP($A4,NB_r!$A$2:$G$25,3,FALSE),F$2,TRUE) -> 0.33374107 | G4: =COUNTIF(INDEX($B$33:$Y$397,0,MATCH($A4,$B$32:$Y$32,0)),">="&G$2)/ROWS($A$33:$A$397) -> 0.27123288 | H4: =1-_xlfn.BETA.DIST(VLOOKUP($A4,NB_p!$A$2:$G$25,3,FALSE),VLOOKUP($A4,NB_r!$A$2:$G$25,3,FALSE),H$2,TRUE) -> 0.17886273 | I4: =COUNTIF(INDEX($B$33:$Y$397,0,MATCH($A4,$B$32:$Y$32,0)),">="&I$2)/ROWS($A$33:$A$397) -> 0.10410959 | J4: =1-_xlfn.BETA.DIST(VLOOKUP($A4,NB_p!$A$2:$G$25,3,FALSE),VLOOKUP($A4,NB_r!$A$2:$G$25,3,FALSE),J$2,TRUE) -> 0.090096919 | K4: =COUNTIF(INDEX($B$33:$Y$397,0,MATCH($A4,$B$32:$Y$32,0)),">="&K$2)/ROWS($A$33:$A$397) -> 0.035616438
A5: 2 | B5: =1-_xlfn.BETA.DIST(VLOOKUP($A5,NB_p!$A$2:$G$25,3,FALSE),VLOOKUP($A5,NB_r!$A$2:$G$25,3,FALSE),B$2,TRUE) -> 0.90663479 | C5: =COUNTIF(INDEX($B$33:$Y$397,0,MATCH($A5,$B$32:$Y$32,0)),">="&C$2)/ROWS($A$33:$A$397) -> 0.93150685 | D5: =1-_xlfn.BETA.DIST(VLOOKUP($A5,NB_p!$A$2:$G$25,3,FALSE),VLOOKUP($A5,NB_r!$A$2:$G$25,3,FALSE),D$2,TRUE) -> 0.57702077 | E5: =COUNTIF(INDEX($B$33:$Y$397,0,MATCH($A5,$B$32:$Y$32,0)),">="&E$2)/ROWS($A$33:$A$397) -> 0.56712329 | F5: =1-_xlfn.BETA.DIST(VLOOKUP($A5,NB_p!$A$2:$G$25,3,FALSE),VLOOKUP($A5,NB_r!$A$2:$G$25,3,FALSE),F$2,TRUE) -> 0.25075042 | G5: =COUNTIF(INDEX($B$33:$Y$397,0,MATCH($A5,$B$32:$Y$32,0)),">="&G$2)/ROWS($A$33:$A$397) -> 0.22191781 | H5: =1-_xlfn.BETA.DIST(VLOOKUP($A5,NB_p!$A$2:$G$25,3,FALSE),VLOOKUP($A5,NB_r!$A$2:$G$25,3,FALSE),H$2,TRUE) -> 0.080893896 | I5: =COUNTIF(INDEX($B$33:$Y$397,0,MATCH($A5,$B$32:$Y$32,0)),">="&I$2)/ROWS($A$33:$A$397) -> 0.076712329 | J5: =1-_xlfn.BETA.DIST(VLOOKUP($A5,NB_p!$A$2:$G$25,3,FALSE),VLOOKUP($A5,NB_r!$A$2:$G$25,3,FALSE),J$2,TRUE) -> 0.020905351 | K5: =COUNTIF(INDEX($B$33:$Y$397,0,MATCH($A5,$B$32:$Y$32,0)),">="&K$2)/ROWS($A$33:$A$397) -> 0.024657534
A6: 3 | B6: =1-_xlfn.BETA.DIST(VLOOKUP($A6,NB_p!$A$2:$G$25,3,FALSE),VLOOKUP($A6,NB_r!$A$2:$G$25,3,FALSE),B$2,TRUE) -> 0.88861999 | C6: =COUNTIF(INDEX($B$33:$Y$397,0,MATCH($A6,$B$32:$Y$32,0)),">="&C$2)/ROWS($A$33:$A$397) -> 0.89863014 | D6: =1-_xlfn.BETA.DIST(VLOOKUP($A6,NB_p!$A$2:$G$25,3,FALSE),VLOOKUP($A6,NB_r!$A$2:$G$25,3,FALSE),D$2,TRUE) -> 0.50059583 | E6: =COUNTIF(INDEX($B$33:$Y$397,0,MATCH($A6,$B$32:$Y$32,0)),">="&E$2)/ROWS($A$33:$A$397) -> 0.49315068 | F6: =1-_xlfn.BETA.DIST(VLOOKUP($A6,NB_p!$A$2:$G$25,3,FALSE),VLOOKUP($A6,NB_r!$A$2:$G$25,3,FALSE),F$2,TRUE) -> 0.1707594 | G6: =COUNTIF(INDEX($B$33:$Y$397,0,MATCH($A6,$B$32:$Y$32,0)),">="&G$2)/ROWS($A$33:$A$397) -> 0.17808219 | H6: =1-_xlfn.BETA.DIST(VLOOKUP($A6,NB_p!$A$2:$G$25,3,FALSE),VLOOKUP($A6,NB_r!$A$2:$G$25,3,FALSE),H$2,TRUE) -> 0.039295374 | I6: =COUNTIF(INDEX($B$33:$Y$397,0,MATCH($A6,$B$32:$Y$32,0)),">="&I$2)/ROWS($A$33:$A$397) -> 0.032876712 | J6: =1-_xlfn.BETA.DIST(VLOOKUP($A6,NB_p!$A$2:$G$25,3,FALSE),VLOOKUP($A6,NB_r!$A$2:$G$25,3,FALSE),J$2,TRUE) -> 0.0067339756 | K6: =COUNTIF(INDEX($B$33:$Y$397,0,MATCH($A6,$B$32:$Y$32,0)),">="&K$2)/ROWS($A$33:$A$397) -> 0.010958904
A7: 4 | B7: =1-_xlfn.BETA.DIST(VLOOKUP($A7,NB_p!$A$2:$G$25,3,FALSE),VLOOKUP($A7,NB_r!$A$2:$G$25,3,FALSE),B$2,TRUE) -> 0.82764131 | C7: =COUNTIF(INDEX($B$33:$Y$397,0,MATCH($A7,$B$32:$Y$32,0)),">="&C$2)/ROWS($A$33:$A$397) -> 0.88219178 | D7: =1-_xlfn.BETA.DIST(VLOOKUP($A7,NB_p!$A$2:$G$25,3,FALSE),VLOOKUP($A7,NB_r!$A$2:$G$25,3,FALSE),D$2,TRUE) -> 0.42842336 | E7: =COUNTIF(INDEX($B$33:$Y$397,0,MATCH($A7,$B$32:$Y$32,0)),">="&E$2)/ROWS($A$33:$A$397) -> 0.39178082 | F7: =1-_xlfn.BETA.DIST(VLOOKUP($A7,NB_p!$A$2:$G$25,3,FALSE),VLOOKUP($A7,NB_r!$A$2:$G$25,3,FALSE),F$2,TRUE) -> 0.14984663 | G7: =COUNTIF(INDEX($B$33:$Y$397,0,MATCH($A7,$B$32:$Y$32,0)),">="&G$2)/ROWS($A$33:$A$397) -> 0.12328767 | H7: =1-_xlfn.BETA.DIST(VLOOKUP($A7,NB_p!$A$2:$G$25,3,FALSE),VLOOKUP($A7,NB_r!$A$2:$G$25,3,FALSE),H$2,TRUE) -> 0.039904185 | I7: =COUNTIF(INDEX($B$33:$Y$397,0,MATCH($A7,$B$32:$Y$32,0)),">="&I$2)/ROWS($A$33:$A$397) -> 0.035616438 | J7: =1-_xlfn.BETA.DIST(VLOOKUP($A7,NB_p!$A$2:$G$25,3,FALSE),VLOOKUP($A7,NB_r!$A$2:$G$25,3,FALSE),J$2,TRUE) -> 0.0087696719 | K7: =COUNTIF(INDEX($B$33:$Y$397,0,MATCH($A7,$B$32:$Y$32,0)),">="&K$2)/ROWS($A$33:$A$397) -> 0.021917808
A8: 5 | B8: =1-_xlfn.BETA.DIST(VLOOKUP($A8,NB_p!$A$2:$G$25,3,FALSE),VLOOKUP($A8,NB_r!$A$2:$G$25,3,FALSE),B$2,TRUE) -> 0.90693989 | C8: =COUNTIF(INDEX($B$33:$Y$397,0,MATCH($A8,$B$32:$Y$32,0)),">="&C$2)/ROWS($A$33:$A$397) -> 0.95616438 | D8: =1-_xlfn.BETA.DIST(VLOOKUP($A8,NB_p!$A$2:$G$25,3,FALSE),VLOOKUP($A8,NB_r!$A$2:$G$25,3,FALSE),D$2,TRUE) -> 0.62937517 | E8: =COUNTIF(INDEX($B$33:$Y$397,0,MATCH($A8,$B$32:$Y$32,0)),">="&E$2)/ROWS($A$33:$A$397) -> 0.63013699 | F8: =1-_xlfn.BETA.DIST(VLOOKUP($A8,NB_p!$A$2:$G$25,3,FALSE),VLOOKUP($A8,NB_r!$A$2:$G$25,3,FALSE),F$2,TRUE) -> 0.33984894 | G8: =COUNTIF(INDEX($B$33:$Y$397,0,MATCH($A8,$B$32:$Y$32,0)),">="&G$2)/ROWS($A$33:$A$397) -> 0.30136986 | H8: =1-_xlfn.BETA.DIST(VLOOKUP($A8,NB_p!$A$2:$G$25,3,FALSE),VLOOKUP($A8,NB_r!$A$2:$G$25,3,FALSE),H$2,TRUE) -> 0.15224974 | I8: =COUNTIF(INDEX($B$33:$Y$397,0,MATCH($A8,$B$32:$Y$32,0)),">="&I$2)/ROWS($A$33:$A$397) -> 0.12328767 | J8: =1-_xlfn.BETA.DIST(VLOOKUP($A8,NB_p!$A$2:$G$25,3,FALSE),VLOOKUP($A8,NB_r!$A$2:$G$25,3,FALSE),J$2,TRUE) -> 0.059514511 | K8: =COUNTIF(INDEX($B$33:$Y$397,0,MATCH($A8,$B$32:$Y$32,0)),">="&K$2)/ROWS($A$33:$A$397) -> 0.04109589
A9: 6 | B9: =1-_xlfn.BETA.DIST(VLOOKUP($A9,NB_p!$A$2:$G$25,3,FALSE),VLOOKUP($A9,NB_r!$A$2:$G$25,3,FALSE),B$2,TRUE) -> 0.96647202 | C9: =COUNTIF(INDEX($B$33:$Y$397,0,MATCH($A9,$B$32:$Y$32,0)),">="&C$2)/ROWS($A$33:$A$397) -> 0.97534247 | D9: =1-_xlfn.BETA.DIST(VLOOKUP($A9,NB_p!$A$2:$G$25,3,FALSE),VLOOKUP($A9,NB_r!$A$2:$G$25,3,FALSE),D$2,TRUE) -> 0.82299944 | E9: =COUNTIF(INDEX($B$33:$Y$397,0,MATCH($A9,$B$32:$Y$32,0)),">="&E$2)/ROWS($A$33:$A$397) -> 0.85753425 | F9: =1-_xlfn.BETA.DIST(VLOOKUP($A9,NB_p!$A$2:$G$25,3,FALSE),VLOOKUP($A9,NB_r!$A$2:$G$25,3,FALSE),F$2,TRUE) -> 0.60006957 | G9: =COUNTIF(INDEX($B$33:$Y$397,0,MATCH($A9,$B$32:$Y$32,0)),">="&G$2)/ROWS($A$33:$A$397) -> 0.6 | H9: =1-_xlfn.BETA.DIST(VLOOKUP($A9,NB_p!$A$2:$G$25,3,FALSE),VLOOKUP($A9,NB_r!$A$2:$G$25,3,FALSE),H$2,TRUE) -> 0.38195943 | I9: =COUNTIF(INDEX($B$33:$Y$397,0,MATCH($A9,$B$32:$Y$32,0)),">="&I$2)/ROWS($A$33:$A$397) -> 0.35342466 | J9: =1-_xlfn.BETA.DIST(VLOOKUP($A9,NB_p!$A$2:$G$25,3,FALSE),VLOOKUP($A9,NB_r!$A$2:$G$25,3,FALSE),J$2,TRUE) -> 0.2180907 | K9: =COUNTIF(INDEX($B$33:$Y$397,0,MATCH($A9,$B$32:$Y$32,0)),">="&K$2)/ROWS($A$33:$A$397) -> 0.19178082
A10: 23 | B10: =1-_xlfn.BETA.DIST(VLOOKUP($A10,NB_p!$A$2:$G$25,3,FALSE),VLOOKUP($A10,NB_r!$A$2:$G$25,3,FALSE),B$2,TRUE) -> 0.9673783 | C10: =COUNTIF(INDEX($B$33:$Y$397,0,MATCH($A10,$B$32:$Y$32,0)),">="&C$2)/ROWS($A$33:$A$397) -> 0.98630137 | D10: =1-_xlfn.BETA.DIST(VLOOKUP($A10,NB_p!$A$2:$G$25,3,FALSE),VLOOKUP($A10,NB_r!$A$2:$G$25,3,FALSE),D$2,TRUE) -> 0.82087515 | E10: =COUNTIF(INDEX($B$33:$Y$397,0,MATCH($A10,$B$32:$Y$32,0)),">="&E$2)/ROWS($A$33:$A$397) -> 0.88493151 | F10: =1-_xlfn.BETA.DIST(VLOOKUP($A10,NB_p!$A$2:$G$25,3,FALSE),VLOOKUP($A10,NB_r!$A$2:$G$25,3,FALSE),F$2,TRUE) -> 0.58980148 | G10: =COUNTIF(INDEX($B$33:$Y$397,0,MATCH($A10,$B$32:$Y$32,0)),">="&G$2)/ROWS($A$33:$A$397) -> 0.61917808 | H10: =1-_xlfn.BETA.DIST(VLOOKUP($A10,NB_p!$A$2:$G$25,3,FALSE),VLOOKUP($A10,NB_r!$A$2:$G$25,3,FALSE),H$2,TRUE) -> 0.36566748 | I10: =COUNTIF(INDEX($B$33:$Y$397,0,MATCH($A10,$B$32:$Y$32,0)),">="&I$2)/ROWS($A$33:$A$397) -> 0.33150685 | J10: =1-_xlfn.BETA.DIST(VLOOKUP($A10,NB_p!$A$2:$G$25,3,FALSE),VLOOKUP($A10,NB_r!$A$2:$G$25,3,FALSE),J$2,TRUE) -> 0.20137221 | K10: =COUNTIF(INDEX($B$33:$Y$397,0,MATCH($A10,$B$32:$Y$32,0)),">="&K$2)/ROWS($A$33:$A$397) -> 0.1260274
B11: NG_P(X≥5) | C11: Actual_P(X≥5) | D11: NG_P(X≥10) | E11: Actual_P(X≥10) | F11: NG_P(X≥15) | G11: Actual_P(X≥15) | H11: NG_P(X≥20) | I11: Actual_P(X≥20) | J11: NG_P(X≥25) | K11: Actual_P(X≥25) | L11: NG_P(X≥30) | M11: Actual_P(X≥30)
A12: Mid_frequency_hour | B12: 5 | C12: 5 | D12: 10 | E12: 10 | F12: 15 | G12: 15 | H12: 20 | I12: 20 | J12: 25 | K12: 25 | L12: 30 | M12: 30
A13: 7 | B13: =1-_xlfn.BETA.DIST(VLOOKUP($A13,NB_p!$A$2:$G$25,3,FALSE),VLOOKUP($A13,NB_r!$A$2:$G$25,3,FALSE),B$12,TRUE) -> 0.97729866 | C13: =COUNTIF(INDEX($B$33:$Y$397,0,MATCH($A13,$B$32:$Y$32,0)),">="&C$12)/ROWS($A$33:$A$397) -> 0.98082192 | D13: =1-_xlfn.BETA.DIST(VLOOKUP($A13,NB_p!$A$2:$G$25,3,FALSE),VLOOKUP($A13,NB_r!$A$2:$G$25,3,FALSE),D$12,TRUE) -> 0.8284371 | E13: =COUNTIF(INDEX($B$33:$Y$397,0,MATCH($A13,$B$32:$Y$32,0)),">="&E$12)/ROWS($A$33:$A$397) -> 0.81643836 | F13: =1-_xlfn.BETA.DIST(VLOOKUP($A13,NB_p!$A$2:$G$25,3,FALSE),VLOOKUP($A13,NB_r!$A$2:$G$25,3,FALSE),F$12,TRUE) -> 0.56822563 | G13: =COUNTIF(INDEX($B$33:$Y$397,0,MATCH($A13,$B$32:$Y$32,0)),">="&G$12)/ROWS($A$33:$A$397) -> 0.5890411 | H13: =1-_xlfn.BETA.DIST(VLOOKUP($A13,NB_p!$A$2:$G$25,3,FALSE),VLOOKUP($A13,NB_r!$A$2:$G$25,3,FALSE),H$12,TRUE) -> 0.32169613 | I13: =COUNTIF(INDEX($B$33:$Y$397,0,MATCH($A13,$B$32:$Y$32,0)),">="&I$12)/ROWS($A$33:$A$397) -> 0.33972603 | J13: =1-_xlfn.BETA.DIST(VLOOKUP($A13,NB_p!$A$2:$G$25,3,FALSE),VLOOKUP($A13,NB_r!$A$2:$G$25,3,FALSE),J$12,TRUE) -> 0.15642638 | K13: =COUNTIF(INDEX($B$33:$Y$397,0,MATCH($A13,$B$32:$Y$32,0)),">="&K$12)/ROWS($A$33:$A$397) -> 0.14794521 | L13: =1-_xlfn.BETA.DIST(VLOOKUP($A13,NB_p!$A$2:$G$25,3,FALSE),VLOOKUP($A13,NB_r!$A$2:$G$25,3,FALSE),L$12,TRUE) -> 0.067600363 | M13: =COUNTIF(INDEX($B$33:$Y$397,0,MATCH($A13,$B$32:$Y$32,0)),">="&M$12)/ROWS($A$33:$A$397) -> 0.046575342
A14: 8 | B14: =1-_xlfn.BETA.DIST(VLOOKUP($A14,NB_p!$A$2:$G$25,3,FALSE),VLOOKUP($A14,NB_r!$A$2:$G$25,3,FALSE),B$12,TRUE) -> 0.99745639 | C14: =COUNTIF(INDEX($B$33:$Y$397,0,MATCH($A14,$B$32:$Y$32,0)),">="&C$12)/ROWS($A$33:$A$397) -> 0.99726027 | D14: =1-_xlfn.BETA.DIST(VLOOKUP($A14,NB_p!$A$2:$G$25,3,FALSE),VLOOKUP($A14,NB_r!$A$2:$G$25,3,FALSE),D$12,TRUE) -> 0.9517172 | E14: =COUNTIF(INDEX($B$33:$Y$397,0,MATCH($A14,$B$32:$Y$32,0)),">="&E$12)/ROWS($A$33:$A$397) -> 0.9369863 | F14: =1-_xlfn.BETA.DIST(VLOOKUP($A14,NB_p!$A$2:$G$25,3,FALSE),VLOOKUP($A14,NB_r!$A$2:$G$25,3,FALSE),F$12,TRUE) -> 0.7881128 | G14: =COUNTIF(INDEX($B$33:$Y$397,0,MATCH($A14,$B$32:$Y$32,0)),">="&G$12)/ROWS($A$33:$A$397) -> 0.79726027 | H14: =1-_xlfn.BETA.DIST(VLOOKUP($A14,NB_p!$A$2:$G$25,3,FALSE),VLOOKUP($A14,NB_r!$A$2:$G$25,3,FALSE),H$12,TRUE) -> 0.53422283 | I14: =COUNTIF(INDEX($B$33:$Y$397,0,MATCH($A14,$B$32:$Y$32,0)),">="&I$12)/ROWS($A$33:$A$397) -> 0.5369863 | J14: =1-_xlfn.BETA.DIST(VLOOKUP($A14,NB_p!$A$2:$G$25,3,FALSE),VLOOKUP($A14,NB_r!$A$2:$G$25,3,FALSE),J$12,TRUE) -> 0.29695745 | K14: =COUNTIF(INDEX($B$33:$Y$397,0,MATCH($A14,$B$32:$Y$32,0)),">="&K$12)/ROWS($A$33:$A$397) -> 0.30136986 | L14: =1-_xlfn.BETA.DIST(VLOOKUP($A14,NB_p!$A$2:$G$25,3,FALSE),VLOOKUP($A14,NB_r!$A$2:$G$25,3,FALSE),L$12,TRUE) -> 0.13895802 | M14: =COUNTIF(INDEX($B$33:$Y$397,0,MATCH($A14,$B$32:$Y$32,0)),">="&M$12)/ROWS($A$33:$A$397) -> 0.1369863
A15: 19 | B15: =1-_xlfn.BETA.DIST(VLOOKUP($A15,NB_p!$A$2:$G$25,3,FALSE),VLOOKUP($A15,NB_r!$A$2:$G$25,3,FALSE),B$12,TRUE) -> 0.9963591 | C15: =COUNTIF(INDEX($B$33:$Y$397,0,MATCH($A15,$B$32:$Y$32,0)),">="&C$12)/ROWS($A$33:$A$397) -> 1 | D15: =1-_xlfn.BETA.DIST(VLOOKUP($A15,NB_p!$A$2:$G$25,3,FALSE),VLOOKUP($A15,NB_r!$A$2:$G$25,3,FALSE),D$12,TRUE) -> 0.94030826 | E15: =COUNTIF(INDEX($B$33:$Y$397,0,MATCH($A15,$B$32:$Y$32,0)),">="&E$12)/ROWS($A$33:$A$397) -> 0.98356164 | F15: =1-_xlfn.BETA.DIST(VLOOKUP($A15,NB_p!$A$2:$G$25,3,FALSE),VLOOKUP($A15,NB_r!$A$2:$G$25,3,FALSE),F$12,TRUE) -> 0.7608994 | G15: =COUNTIF(INDEX($B$33:$Y$397,0,MATCH($A15,$B$32:$Y$32,0)),">="&G$12)/ROWS($A$33:$A$397) -> 0.82739726 | H15: =1-_xlfn.BETA.DIST(VLOOKUP($A15,NB_p!$A$2:$G$25,3,FALSE),VLOOKUP($A15,NB_r!$A$2:$G$25,3,FALSE),H$12,TRUE) -> 0.50323109 | I15: =COUNTIF(INDEX($B$33:$Y$397,0,MATCH($A15,$B$32:$Y$32,0)),">="&I$12)/ROWS($A$33:$A$397) -> 0.49863014 | J15: =1-_xlfn.BETA.DIST(VLOOKUP($A15,NB_p!$A$2:$G$25,3,FALSE),VLOOKUP($A15,NB_r!$A$2:$G$25,3,FALSE),J$12,TRUE) -> 0.27460739 | K15: =COUNTIF(INDEX($B$33:$Y$397,0,MATCH($A15,$B$32:$Y$32,0)),">="&K$12)/ROWS($A$33:$A$397) -> 0.19726027 | L15: =1-_xlfn.BETA.DIST(VLOOKUP($A15,NB_p!$A$2:$G$25,3,FALSE),VLOOKUP($A15,NB_r!$A$2:$G$25,3,FALSE),L$12,TRUE) -> 0.1272346 | M15: =COUNTIF(INDEX($B$33:$Y$397,0,MATCH($A15,$B$32:$Y$32,0)),">="&M$12)/ROWS($A$33:$A$397) -> 0.065753425
A16: 20 | B16: =1-_xlfn.BETA.DIST(VLOOKUP($A16,NB_p!$A$2:$G$25,3,FALSE),VLOOKUP($A16,NB_r!$A$2:$G$25,3,FALSE),B$12,TRUE) -> 0.99334396 | C16: =COUNTIF(INDEX($B$33:$Y$397,0,MATCH($A16,$B$32:$Y$32,0)),">="&C$12)/ROWS($A$33:$A$397) -> 0.99726027 | D16: =1-_xlfn.BETA.DIST(VLOOKUP($A16,NB_p!$A$2:$G$25,3,FALSE),VLOOKUP($A16,NB_r!$A$2:$G$25,3,FALSE),D$12,TRUE) -> 0.8983416 | E16: =COUNTIF(INDEX($B$33:$Y$397,0,MATCH($A16,$B$32:$Y$32,0)),">="&E$12)/ROWS($A$33:$A$397) -> 0.9369863 | F16: =1-_xlfn.BETA.DIST(VLOOKUP($A16,NB_p!$A$2:$G$25,3,FALSE),VLOOKUP($A16,NB_r!$A$2:$G$25,3,FALSE),F$12,TRUE) -> 0.63980408 | G16: =COUNTIF(INDEX($B$33:$Y$397,0,MATCH($A16,$B$32:$Y$32,0)),">="&G$12)/ROWS($A$33:$A$397) -> 0.64109589 | H16: =1-_xlfn.BETA.DIST(VLOOKUP($A16,NB_p!$A$2:$G$25,3,FALSE),VLOOKUP($A16,NB_r!$A$2:$G$25,3,FALSE),H$12,TRUE) -> 0.34387371 | I16: =COUNTIF(INDEX($B$33:$Y$397,0,MATCH($A16,$B$32:$Y$32,0)),">="&I$12)/ROWS($A$33:$A$397) -> 0.32328767 | J16: =1-_xlfn.BETA.DIST(VLOOKUP($A16,NB_p!$A$2:$G$25,3,FALSE),VLOOKUP($A16,NB_r!$A$2:$G$25,3,FALSE),J$12,TRUE) -> 0.14404926 | K16: =COUNTIF(INDEX($B$33:$Y$397,0,MATCH($A16,$B$32:$Y$32,0)),">="&K$12)/ROWS($A$33:$A$397) -> 0.098630137 | L16: =1-_xlfn.BETA.DIST(VLOOKUP($A16,NB_p!$A$2:$G$25,3,FALSE),VLOOKUP($A16,NB_r!$A$2:$G$25,3,FALSE),L$12,TRUE) -> 0.049258784 | M16: =COUNTIF(INDEX($B$33:$Y$397,0,MATCH($A16,$B$32:$Y$32,0)),">="&M$12)/ROWS($A$33:$A$397) -> 0.038356164
A17: 21 | B17: =1-_xlfn.BETA.DIST(VLOOKUP($A17,NB_p!$A$2:$G$25,3,FALSE),VLOOKUP($A17,NB_r!$A$2:$G$25,3,FALSE),B$12,TRUE) -> 0.98805843 | C17: =COUNTIF(INDEX($B$33:$Y$397,0,MATCH($A17,$B$32:$Y$32,0)),">="&C$12)/ROWS($A$33:$A$397) -> 0.99726027 | D17: =1-_xlfn.BETA.DIST(VLOOKUP($A17,NB_p!$A$2:$G$25,3,FALSE),VLOOKUP($A17,NB_r!$A$2:$G$25,3,FALSE),D$12,TRUE) -> 0.84326294 | E17: =COUNTIF(INDEX($B$33:$Y$397,0,MATCH($A17,$B$32:$Y$32,0)),">="&E$12)/ROWS($A$33:$A$397) -> 0.87671233 | F17: =1-_xlfn.BETA.DIST(VLOOKUP($A17,NB_p!$A$2:$G$25,3,FALSE),VLOOKUP($A17,NB_r!$A$2:$G$25,3,FALSE),F$12,TRUE) -> 0.5214134 | G17: =COUNTIF(INDEX($B$33:$Y$397,0,MATCH($A17,$B$32:$Y$32,0)),">="&G$12)/ROWS($A$33:$A$397) -> 0.51506849 | H17: =1-_xlfn.BETA.DIST(VLOOKUP($A17,NB_p!$A$2:$G$25,3,FALSE),VLOOKUP($A17,NB_r!$A$2:$G$25,3,FALSE),H$12,TRUE) -> 0.22922529 | I17: =COUNTIF(INDEX($B$33:$Y$397,0,MATCH($A17,$B$32:$Y$32,0)),">="&I$12)/ROWS($A$33:$A$397) -> 0.19726027 | J17: =1-_xlfn.BETA.DIST(VLOOKUP($A17,NB_p!$A$2:$G$25,3,FALSE),VLOOKUP($A17,NB_r!$A$2:$G$25,3,FALSE),J$12,TRUE) -> 0.075832898 | K17: =COUNTIF(INDEX($B$33:$Y$397,0,MATCH($A17,$B$32:$Y$32,0)),">="&K$12)/ROWS($A$33:$A$397) -> 0.052054795 | L17: =1-_xlfn.BETA.DIST(VLOOKUP($A17,NB_p!$A$2:$G$25,3,FALSE),VLOOKUP($A17,NB_r!$A$2:$G$25,3,FALSE),L$12,TRUE) -> 0.02004681 | M17: =COUNTIF(INDEX($B$33:$Y$397,0,MATCH($A17,$B$32:$Y$32,0)),">="&M$12)/ROWS($A$33:$A$397) -> 0.019178082
A18: 22 | B18: =1-_xlfn.BETA.DIST(VLOOKUP($A18,NB_p!$A$2:$G$25,3,FALSE),VLOOKUP($A18,NB_r!$A$2:$G$25,3,FALSE),B$12,TRUE) -> 0.97066168 | C18: =COUNTIF(INDEX($B$33:$Y$397,0,MATCH($A18,$B$32:$Y$32,0)),">="&C$12)/ROWS($A$33:$A$397) -> 0.9890411 | D18: =1-_xlfn.BETA.DIST(VLOOKUP($A18,NB_p!$A$2:$G$25,3,FALSE),VLOOKUP($A18,NB_r!$A$2:$G$25,3,FALSE),D$12,TRUE) -> 0.69831467 | E18: =COUNTIF(INDEX($B$33:$Y$397,0,MATCH($A18,$B$32:$Y$32,0)),">="&E$12)/ROWS($A$33:$A$397) -> 0.70958904 | F18: =1-_xlfn.BETA.DIST(VLOOKUP($A18,NB_p!$A$2:$G$25,3,FALSE),VLOOKUP($A18,NB_r!$A$2:$G$25,3,FALSE),F$12,TRUE) -> 0.2949996 | G18: =COUNTIF(INDEX($B$33:$Y$397,0,MATCH($A18,$B$32:$Y$32,0)),">="&G$12)/ROWS($A$33:$A$397) -> 0.2739726 | H18: =1-_xlfn.BETA.DIST(VLOOKUP($A18,NB_p!$A$2:$G$25,3,FALSE),VLOOKUP($A18,NB_r!$A$2:$G$25,3,FALSE),H$12,TRUE) -> 0.076741505 | I18: =COUNTIF(INDEX($B$33:$Y$397,0,MATCH($A18,$B$32:$Y$32,0)),">="&I$12)/ROWS($A$33:$A$397) -> 0.082191781 | J18: =1-_xlfn.BETA.DIST(VLOOKUP($A18,NB_p!$A$2:$G$25,3,FALSE),VLOOKUP($A18,NB_r!$A$2:$G$25,3,FALSE),J$12,TRUE) -> 0.013728002 | K18: =COUNTIF(INDEX($B$33:$Y$397,0,MATCH($A18,$B$32:$Y$32,0)),">="&K$12)/ROWS($A$33:$A$397) -> 0.016438356 | L18: =1-_xlfn.BETA.DIST(VLOOKUP($A18,NB_p!$A$2:$G$25,3,FALSE),VLOOKUP($A18,NB_r!$A$2:$G$25,3,FALSE),L$12,TRUE) -> 0.0018472683 | M18: =COUNTIF(INDEX($B$33:$Y$397,0,MATCH($A18,$B$32:$Y$32,0)),">="&M$12)/ROWS($A$33:$A$397) -> 0.0082191781
B19: NG_P(X≥10) | C19: Actual_P(X≥10) | D19: NG_P(X≥15) | E19: Actual_P(X≥15) | F19: NG_P(X≥20) | G19: Actual_P(X≥20) | H19: NG_P(X≥25) | I19: Actual_P(X≥25) | J19: NG_P(X≥30) | K19: Actual_P(X≥30) | L19: NG_P(X≥35) | M19: Actual_P(X≥35) | N19: NG_P(X≥40) | O19: Actual_P(X≥40)
A20: High_frequency_hour | B20: 10 | C20: 10 | D20: 15 | E20: 15 | F20: 20 | G20: 20 | H20: 25 | I20: 25 | J20: 30 | K20: 30 | L20: 35 | M20: 35 | N20: 40 | O20: 40
A21: 9 | B21: =1-_xlfn.BETA.DIST(VLOOKUP($A21,NB_p!$A$2:$G$25,3,FALSE),VLOOKUP($A21,NB_r!$A$2:$G$25,3,FALSE),B$20,TRUE) -> 0.97283656 | C21: =COUNTIF(INDEX($B$33:$Y$397,0,MATCH($A21,$B$32:$Y$32,0)),">="&C$20)/ROWS($A$33:$A$397) -> 0.97808219 | D21: =1-_xlfn.BETA.DIST(VLOOKUP($A21,NB_p!$A$2:$G$25,3,FALSE),VLOOKUP($A21,NB_r!$A$2:$G$25,3,FALSE),D$20,TRUE) -> 0.8490074 | E21: =COUNTIF(INDEX($B$33:$Y$397,0,MATCH($A21,$B$32:$Y$32,0)),">="&E$20)/ROWS($A$33:$A$397) -> 0.85205479 | F21: =1-_xlfn.BETA.DIST(VLOOKUP($A21,NB_p!$A$2:$G$25,3,FALSE),VLOOKUP($A21,NB_r!$A$2:$G$25,3,FALSE),F$20,TRUE) -> 0.61376104 | G21: =COUNTIF(INDEX($B$33:$Y$397,0,MATCH($A21,$B$32:$Y$32,0)),">="&G$20)/ROWS($A$33:$A$397) -> 0.64657534 | H21: =1-_xlfn.BETA.DIST(VLOOKUP($A21,NB_p!$A$2:$G$25,3,FALSE),VLOOKUP($A21,NB_r!$A$2:$G$25,3,FALSE),H$20,TRUE) -> 0.36042121 | I21: =COUNTIF(INDEX($B$33:$Y$397,0,MATCH($A21,$B$32:$Y$32,0)),">="&I$20)/ROWS($A$33:$A$397) -> 0.34520548 | J21: =1-_xlfn.BETA.DIST(VLOOKUP($A21,NB_p!$A$2:$G$25,3,FALSE),VLOOKUP($A21,NB_r!$A$2:$G$25,3,FALSE),J$20,TRUE) -> 0.1749057 | K21: =COUNTIF(INDEX($B$33:$Y$397,0,MATCH($A21,$B$32:$Y$32,0)),">="&K$20)/ROWS($A$33:$A$397) -> 0.14794521 | L21: =1-_xlfn.BETA.DIST(VLOOKUP($A21,NB_p!$A$2:$G$25,3,FALSE),VLOOKUP($A21,NB_r!$A$2:$G$25,3,FALSE),L$20,TRUE) -> 0.072078014 | M21: =COUNTIF(INDEX($B$33:$Y$397,0,MATCH($A21,$B$32:$Y$32,0)),">="&M$20)/ROWS($A$33:$A$397) -> 0.057534247 | N21: =1-_xlfn.BETA.DIST(VLOOKUP($A21,NB_p!$A$2:$G$25,3,FALSE),VLOOKUP($A21,NB_r!$A$2:$G$25,3,FALSE),N$20,TRUE) -> 0.025890662 | O21: =COUNTIF(INDEX($B$33:$Y$397,0,MATCH($A21,$B$32:$Y$32,0)),">="&O$20)/ROWS($A$33:$A$397) -> 0.010958904
A22: 10 | B22: =1-_xlfn.BETA.DIST(VLOOKUP($A22,NB_p!$A$2:$G$25,3,FALSE),VLOOKUP($A22,NB_r!$A$2:$G$25,3,FALSE),B$20,TRUE) -> 0.98957005 | C22: =COUNTIF(INDEX($B$33:$Y$397,0,MATCH($A22,$B$32:$Y$32,0)),">="&C$20)/ROWS($A$33:$A$397) -> 0.98356164 | D22: =1-_xlfn.BETA.DIST(VLOOKUP($A22,NB_p!$A$2:$G$25,3,FALSE),VLOOKUP($A22,NB_r!$A$2:$G$25,3,FALSE),D$20,TRUE) -> 0.89826301 | E22: =COUNTIF(INDEX($B$33:$Y$397,0,MATCH($A22,$B$32:$Y$32,0)),">="&E$20)/ROWS($A$33:$A$397) -> 0.90684932 | F22: =1-_xlfn.BETA.DIST(VLOOKUP($A22,NB_p!$A$2:$G$25,3,FALSE),VLOOKUP($A22,NB_r!$A$2:$G$25,3,FALSE),F$20,TRUE) -> 0.65053611 | G22: =COUNTIF(INDEX($B$33:$Y$397,0,MATCH($A22,$B$32:$Y$32,0)),">="&G$20)/ROWS($A$33:$A$397) -> 0.69589041 | H22: =1-_xlfn.BETA.DIST(VLOOKUP($A22,NB_p!$A$2:$G$25,3,FALSE),VLOOKUP($A22,NB_r!$A$2:$G$25,3,FALSE),H$20,TRUE) -> 0.34634198 | I22: =COUNTIF(INDEX($B$33:$Y$397,0,MATCH($A22,$B$32:$Y$32,0)),">="&I$20)/ROWS($A$33:$A$397) -> 0.32054795 | J22: =1-_xlfn.BETA.DIST(VLOOKUP($A22,NB_p!$A$2:$G$25,3,FALSE),VLOOKUP($A22,NB_r!$A$2:$G$25,3,FALSE),J$20,TRUE) -> 0.1352424 | K22: =COUNTIF(INDEX($B$33:$Y$397,0,MATCH($A22,$B$32:$Y$32,0)),">="&K$20)/ROWS($A$33:$A$397) -> 0.11232877 | L22: =1-_xlfn.BETA.DIST(VLOOKUP($A22,NB_p!$A$2:$G$25,3,FALSE),VLOOKUP($A22,NB_r!$A$2:$G$25,3,FALSE),L$20,TRUE) -> 0.040008316 | M22: =COUNTIF(INDEX($B$33:$Y$397,0,MATCH($A22,$B$32:$Y$32,0)),">="&M$20)/ROWS($A$33:$A$397) -> 0.032876712 | N22: =1-_xlfn.BETA.DIST(VLOOKUP($A22,NB_p!$A$2:$G$25,3,FALSE),VLOOKUP($A22,NB_r!$A$2:$G$25,3,FALSE),N$20,TRUE) -> 0.0093195626 | O22: =COUNTIF(INDEX($B$33:$Y$397,0,MATCH($A22,$B$32:$Y$32,0)),">="&O$20)/ROWS($A$33:$A$397) -> 0.01369863
A23: 11 | B23: =1-_xlfn.BETA.DIST(VLOOKUP($A23,NB_p!$A$2:$G$25,3,FALSE),VLOOKUP($A23,NB_r!$A$2:$G$25,3,FALSE),B$20,TRUE) -> 0.99395252 | C23: =COUNTIF(INDEX($B$33:$Y$397,0,MATCH($A23,$B$32:$Y$32,0)),">="&C$20)/ROWS($A$33:$A$397) -> 0.99452055 | D23: =1-_xlfn.BETA.DIST(VLOOKUP($A23,NB_p!$A$2:$G$25,3,FALSE),VLOOKUP($A23,NB_r!$A$2:$G$25,3,FALSE),D$20,TRUE) -> 0.92716967 | E23: =COUNTIF(INDEX($B$33:$Y$397,0,MATCH($A23,$B$32:$Y$32,0)),">="&E$20)/ROWS($A$33:$A$397) -> 0.93972603 | F23: =1-_xlfn.BETA.DIST(VLOOKUP($A23,NB_p!$A$2:$G$25,3,FALSE),VLOOKUP($A23,NB_r!$A$2:$G$25,3,FALSE),F$20,TRUE) -> 0.70989585 | G23: =COUNTIF(INDEX($B$33:$Y$397,0,MATCH($A23,$B$32:$Y$32,0)),">="&G$20)/ROWS($A$33:$A$397) -> 0.71780822 | H23: =1-_xlfn.BETA.DIST(VLOOKUP($A23,NB_p!$A$2:$G$25,3,FALSE),VLOOKUP($A23,NB_r!$A$2:$G$25,3,FALSE),H$20,TRUE) -> 0.40270833 | I23: =COUNTIF(INDEX($B$33:$Y$397,0,MATCH($A23,$B$32:$Y$32,0)),">="&I$20)/ROWS($A$33:$A$397) -> 0.40273973 | J23: =1-_xlfn.BETA.DIST(VLOOKUP($A23,NB_p!$A$2:$G$25,3,FALSE),VLOOKUP($A23,NB_r!$A$2:$G$25,3,FALSE),J$20,TRUE) -> 0.16589901 | K23: =COUNTIF(INDEX($B$33:$Y$397,0,MATCH($A23,$B$32:$Y$32,0)),">="&K$20)/ROWS($A$33:$A$397) -> 0.14246575 | L23: =1-_xlfn.BETA.DIST(VLOOKUP($A23,NB_p!$A$2:$G$25,3,FALSE),VLOOKUP($A23,NB_r!$A$2:$G$25,3,FALSE),L$20,TRUE) -> 0.050884918 | M23: =COUNTIF(INDEX($B$33:$Y$397,0,MATCH($A23,$B$32:$Y$32,0)),">="&M$20)/ROWS($A$33:$A$397) -> 0.035616438 | N23: =1-_xlfn.BETA.DIST(VLOOKUP($A23,NB_p!$A$2:$G$25,3,FALSE),VLOOKUP($A23,NB_r!$A$2:$G$25,3,FALSE),N$20,TRUE) -> 0.012058202 | O23: =COUNTIF(INDEX($B$33:$Y$397,0,MATCH($A23,$B$32:$Y$32,0)),">="&O$20)/ROWS($A$33:$A$397) -> 0.010958904
A24: 12 | B24: =1-_xlfn.BETA.DIST(VLOOKUP($A24,NB_p!$A$2:$G$25,3,FALSE),VLOOKUP($A24,NB_r!$A$2:$G$25,3,FALSE),B$20,TRUE) -> 0.99342169 | C24: =COUNTIF(INDEX($B$33:$Y$397,0,MATCH($A24,$B$32:$Y$32,0)),">="&C$20)/ROWS($A$33:$A$397) -> 0.99726027 | D24: =1-_xlfn.BETA.DIST(VLOOKUP($A24,NB_p!$A$2:$G$25,3,FALSE),VLOOKUP($A24,NB_r!$A$2:$G$25,3,FALSE),D$20,TRUE) -> 0.93201406 | E24: =COUNTIF(INDEX($B$33:$Y$397,0,MATCH($A24,$B$32:$Y$32,0)),">="&E$20)/ROWS($A$33:$A$397) -> 0.95890411 | F24: =1-_xlfn.BETA.DIST(VLOOKUP($A24,NB_p!$A$2:$G$25,3,FALSE),VLOOKUP($A24,NB_r!$A$2:$G$25,3,FALSE),F$20,TRUE) -> 0.74319716 | G24: =COUNTIF(INDEX($B$33:$Y$397,0,MATCH($A24,$B$32:$Y$32,0)),">="&G$20)/ROWS($A$33:$A$397) -> 0.78630137 | H24: =1-_xlfn.BETA.DIST(VLOOKUP($A24,NB_p!$A$2:$G$25,3,FALSE),VLOOKUP($A24,NB_r!$A$2:$G$25,3,FALSE),H$20,TRUE) -> 0.46646164 | I24: =COUNTIF(INDEX($B$33:$Y$397,0,MATCH($A24,$B$32:$Y$32,0)),">="&I$20)/ROWS($A$33:$A$397) -> 0.42465753 | J24: =1-_xlfn.BETA.DIST(VLOOKUP($A24,NB_p!$A$2:$G$25,3,FALSE),VLOOKUP($A24,NB_r!$A$2:$G$25,3,FALSE),J$20,TRUE) -> 0.22704285 | K24: =COUNTIF(INDEX($B$33:$Y$397,0,MATCH($A24,$B$32:$Y$32,0)),">="&K$20)/ROWS($A$33:$A$397) -> 0.19726027 | L24: =1-_xlfn.BETA.DIST(VLOOKUP($A24,NB_p!$A$2:$G$25,3,FALSE),VLOOKUP($A24,NB_r!$A$2:$G$25,3,FALSE),L$20,TRUE) -> 0.087388936 | M24: =COUNTIF(INDEX($B$33:$Y$397,0,MATCH($A24,$B$32:$Y$32,0)),">="&M$20)/ROWS($A$33:$A$397) -> 0.076712329 | N24: =1-_xlfn.BETA.DIST(VLOOKUP($A24,NB_p!$A$2:$G$25,3,FALSE),VLOOKUP($A24,NB_r!$A$2:$G$25,3,FALSE),N$20,TRUE) -> 0.027389219 | O24: =COUNTIF(INDEX($B$33:$Y$397,0,MATCH($A24,$B$32:$Y$32,0)),">="&O$20)/ROWS($A$33:$A$397) -> 0.021917808
A25: 13 | B25: =1-_xlfn.BETA.DIST(VLOOKUP($A25,NB_p!$A$2:$G$25,3,FALSE),VLOOKUP($A25,NB_r!$A$2:$G$25,3,FALSE),B$20,TRUE) -> 0.99620895 | C25: =COUNTIF(INDEX($B$33:$Y$397,0,MATCH($A25,$B$32:$Y$32,0)),">="&C$20)/ROWS($A$33:$A$397) -> 0.99178082 | D25: =1-_xlfn.BETA.DIST(VLOOKUP($A25,NB_p!$A$2:$G$25,3,FALSE),VLOOKUP($A25,NB_r!$A$2:$G$25,3,FALSE),D$20,TRUE) -> 0.94360213 | E25: =COUNTIF(INDEX($B$33:$Y$397,0,MATCH($A25,$B$32:$Y$32,0)),">="&E$20)/ROWS($A$33:$A$397) -> 0.94794521 | F25: =1-_xlfn.BETA.DIST(VLOOKUP($A25,NB_p!$A$2:$G$25,3,FALSE),VLOOKUP($A25,NB_r!$A$2:$G$25,3,FALSE),F$20,TRUE) -> 0.74296338 | G25: =COUNTIF(INDEX($B$33:$Y$397,0,MATCH($A25,$B$32:$Y$32,0)),">="&G$20)/ROWS($A$33:$A$397) -> 0.75068493 | H25: =1-_xlfn.BETA.DIST(VLOOKUP($A25,NB_p!$A$2:$G$25,3,FALSE),VLOOKUP($A25,NB_r!$A$2:$G$25,3,FALSE),H$20,TRUE) -> 0.4292191 | I25: =COUNTIF(INDEX($B$33:$Y$397,0,MATCH($A25,$B$32:$Y$32,0)),">="&I$20)/ROWS($A$33:$A$397) -> 0.41643836 | J25: =1-_xlfn.BETA.DIST(VLOOKUP($A25,NB_p!$A$2:$G$25,3,FALSE),VLOOKUP($A25,NB_r!$A$2:$G$25,3,FALSE),J$20,TRUE) -> 0.17524507 | K25: =COUNTIF(INDEX($B$33:$Y$397,0,MATCH($A25,$B$32:$Y$32,0)),">="&K$20)/ROWS($A$33:$A$397) -> 0.15616438 | L25: =1-_xlfn.BETA.DIST(VLOOKUP($A25,NB_p!$A$2:$G$25,3,FALSE),VLOOKUP($A25,NB_r!$A$2:$G$25,3,FALSE),L$20,TRUE) -> 0.051546415 | M25: =COUNTIF(INDEX($B$33:$Y$397,0,MATCH($A25,$B$32:$Y$32,0)),">="&M$20)/ROWS($A$33:$A$397) -> 0.043835616 | N25: =1-_xlfn.BETA.DIST(VLOOKUP($A25,NB_p!$A$2:$G$25,3,FALSE),VLOOKUP($A25,NB_r!$A$2:$G$25,3,FALSE),N$20,TRUE) -> 0.011336909 | O25: =COUNTIF(INDEX($B$33:$Y$397,0,MATCH($A25,$B$32:$Y$32,0)),">="&O$20)/ROWS($A$33:$A$397) -> 0.0054794521
A26: 14 | B26: =1-_xlfn.BETA.DIST(VLOOKUP($A26,NB_p!$A$2:$G$25,3,FALSE),VLOOKUP($A26,NB_r!$A$2:$G$25,3,FALSE),B$20,TRUE) -> 0.99763015 | C26: =COUNTIF(INDEX($B$33:$Y$397,0,MATCH($A26,$B$32:$Y$32,0)),">="&C$20)/ROWS($A$33:$A$397) -> 0.99726027 | D26: =1-_xlfn.BETA.DIST(VLOOKUP($A26,NB_p!$A$2:$G$25,3,FALSE),VLOOKUP($A26,NB_r!$A$2:$G$25,3,FALSE),D$20,TRUE) -> 0.95733681 | E26: =COUNTIF(INDEX($B$33:$Y$397,0,MATCH($A26,$B$32:$Y$32,0)),">="&E$20)/ROWS($A$33:$A$397) -> 0.96164384 | F26: =1-_xlfn.BETA.DIST(VLOOKUP($A26,NB_p!$A$2:$G$25,3,FALSE),VLOOKUP($A26,NB_r!$A$2:$G$25,3,FALSE),F$20,TRUE) -> 0.77831169 | G26: =COUNTIF(INDEX($B$33:$Y$397,0,MATCH($A26,$B$32:$Y$32,0)),">="&G$20)/ROWS($A$33:$A$397) -> 0.76712329 | H26: =1-_xlfn.BETA.DIST(VLOOKUP($A26,NB_p!$A$2:$G$25,3,FALSE),VLOOKUP($A26,NB_r!$A$2:$G$25,3,FALSE),H$20,TRUE) -> 0.46580202 | I26: =COUNTIF(INDEX($B$33:$Y$397,0,MATCH($A26,$B$32:$Y$32,0)),">="&I$20)/ROWS($A$33:$A$397) -> 0.47671233 | J26: =1-_xlfn.BETA.DIST(VLOOKUP($A26,NB_p!$A$2:$G$25,3,FALSE),VLOOKUP($A26,NB_r!$A$2:$G$25,3,FALSE),J$20,TRUE) -> 0.19414686 | K26: =COUNTIF(INDEX($B$33:$Y$397,0,MATCH($A26,$B$32:$Y$32,0)),">="&K$20)/ROWS($A$33:$A$397) -> 0.17534247 | L26: =1-_xlfn.BETA.DIST(VLOOKUP($A26,NB_p!$A$2:$G$25,3,FALSE),VLOOKUP($A26,NB_r!$A$2:$G$25,3,FALSE),L$20,TRUE) -> 0.056980896 | M26: =COUNTIF(INDEX($B$33:$Y$397,0,MATCH($A26,$B$32:$Y$32,0)),">="&M$20)/ROWS($A$33:$A$397) -> 0.052054795 | N26: =1-_xlfn.BETA.DIST(VLOOKUP($A26,NB_p!$A$2:$G$25,3,FALSE),VLOOKUP($A26,NB_r!$A$2:$G$25,3,FALSE),N$20,TRUE) -> 0.012200375 | O26: =COUNTIF(INDEX($B$33:$Y$397,0,MATCH($A26,$B$32:$Y$32,0)),">="&O$20)/ROWS($A$33:$A$397) -> 0.010958904
A27: 15 | B27: =1-_xlfn.BETA.DIST(VLOOKUP($A27,NB_p!$A$2:$G$25,3,FALSE),VLOOKUP($A27,NB_r!$A$2:$G$25,3,FALSE),B$20,TRUE) -> 0.99366779 | C27: =COUNTIF(INDEX($B$33:$Y$397,0,MATCH($A27,$B$32:$Y$32,0)),">="&C$20)/ROWS($A$33:$A$397) -> 0.99726027 | D27: =1-_xlfn.BETA.DIST(VLOOKUP($A27,NB_p!$A$2:$G$25,3,FALSE),VLOOKUP($A27,NB_r!$A$2:$G$25,3,FALSE),D$20,TRUE) -> 0.94109394 | E27: =COUNTIF(INDEX($B$33:$Y$397,0,MATCH($A27,$B$32:$Y$32,0)),">="&E$20)/ROWS($A$33:$A$397) -> 0.94794521 | F27: =1-_xlfn.BETA.DIST(VLOOKUP($A27,NB_p!$A$2:$G$25,3,FALSE),VLOOKUP($A27,NB_r!$A$2:$G$25,3,FALSE),F$20,TRUE) -> 0.78315477 | G27: =COUNTIF(INDEX($B$33:$Y$397,0,MATCH($A27,$B$32:$Y$32,0)),">="&G$20)/ROWS($A$33:$A$397) -> 0.78356164 | H27: =1-_xlfn.BETA.DIST(VLOOKUP($A27,NB_p!$A$2:$G$25,3,FALSE),VLOOKUP($A27,NB_r!$A$2:$G$25,3,FALSE),H$20,TRUE) -> 0.53948676 | I27: =COUNTIF(INDEX($B$33:$Y$397,0,MATCH($A27,$B$32:$Y$32,0)),">="&I$20)/ROWS($A$33:$A$397) -> 0.53972603 | J27: =1-_xlfn.BETA.DIST(VLOOKUP($A27,NB_p!$A$2:$G$25,3,FALSE),VLOOKUP($A27,NB_r!$A$2:$G$25,3,FALSE),J$20,TRUE) -> 0.30348828 | K27: =COUNTIF(INDEX($B$33:$Y$397,0,MATCH($A27,$B$32:$Y$32,0)),">="&K$20)/ROWS($A$33:$A$397) -> 0.32328767 | L27: =1-_xlfn.BETA.DIST(VLOOKUP($A27,NB_p!$A$2:$G$25,3,FALSE),VLOOKUP($A27,NB_r!$A$2:$G$25,3,FALSE),L$20,TRUE) -> 0.14133716 | M27: =COUNTIF(INDEX($B$33:$Y$397,0,MATCH($A27,$B$32:$Y$32,0)),">="&M$20)/ROWS($A$33:$A$397) -> 0.14246575 | N27: =1-_xlfn.BETA.DIST(VLOOKUP($A27,NB_p!$A$2:$G$25,3,FALSE),VLOOKUP($A27,NB_r!$A$2:$G$25,3,FALSE),N$20,TRUE) -> 0.055725043 | O27: =COUNTIF(INDEX($B$33:$Y$397,0,MATCH($A27,$B$32:$Y$32,0)),">="&O$20)/ROWS($A$33:$A$397) -> 0.054794521
A28: 16 | B28: =1-_xlfn.BETA.DIST(VLOOKUP($A28,NB_p!$A$2:$G$25,3,FALSE),VLOOKUP($A28,NB_r!$A$2:$G$25,3,FALSE),B$20,TRUE) -> 0.99217679 | C28: =COUNTIF(INDEX($B$33:$Y$397,0,MATCH($A28,$B$32:$Y$32,0)),">="&C$20)/ROWS($A$33:$A$397) -> 0.99726027 | D28: =1-_xlfn.BETA.DIST(VLOOKUP($A28,NB_p!$A$2:$G$25,3,FALSE),VLOOKUP($A28,NB_r!$A$2:$G$25,3,FALSE),D$20,TRUE) -> 0.93342834 | E28: =COUNTIF(INDEX($B$33:$Y$397,0,MATCH($A28,$B$32:$Y$32,0)),">="&E$20)/ROWS($A$33:$A$397) -> 0.95068493 | F28: =1-_xlfn.BETA.DIST(VLOOKUP($A28,NB_p!$A$2:$G$25,3,FALSE),VLOOKUP($A28,NB_r!$A$2:$G$25,3,FALSE),F$20,TRUE) -> 0.76858415 | G28: =COUNTIF(INDEX($B$33:$Y$397,0,MATCH($A28,$B$32:$Y$32,0)),">="&G$20)/ROWS($A$33:$A$397) -> 0.78356164 | H28: =1-_xlfn.BETA.DIST(VLOOKUP($A28,NB_p!$A$2:$G$25,3,FALSE),VLOOKUP($A28,NB_r!$A$2:$G$25,3,FALSE),H$20,TRUE) -> 0.52527089 | I28: =COUNTIF(INDEX($B$33:$Y$397,0,MATCH($A28,$B$32:$Y$32,0)),">="&I$20)/ROWS($A$33:$A$397) -> 0.50410959 | J28: =1-_xlfn.BETA.DIST(VLOOKUP($A28,NB_p!$A$2:$G$25,3,FALSE),VLOOKUP($A28,NB_r!$A$2:$G$25,3,FALSE),J$20,TRUE) -> 0.29535808 | K28: =COUNTIF(INDEX($B$33:$Y$397,0,MATCH($A28,$B$32:$Y$32,0)),">="&K$20)/ROWS($A$33:$A$397) -> 0.2739726 | L28: =1-_xlfn.BETA.DIST(VLOOKUP($A28,NB_p!$A$2:$G$25,3,FALSE),VLOOKUP($A28,NB_r!$A$2:$G$25,3,FALSE),L$20,TRUE) -> 0.13874816 | M28: =COUNTIF(INDEX($B$33:$Y$397,0,MATCH($A28,$B$32:$Y$32,0)),">="&M$20)/ROWS($A$33:$A$397) -> 0.11780822 | N28: =1-_xlfn.BETA.DIST(VLOOKUP($A28,NB_p!$A$2:$G$25,3,FALSE),VLOOKUP($A28,NB_r!$A$2:$G$25,3,FALSE),N$20,TRUE) -> 0.055681558 | O28: =COUNTIF(INDEX($B$33:$Y$397,0,MATCH($A28,$B$32:$Y$32,0)),">="&O$20)/ROWS($A$33:$A$397) -> 0.04109589
A29: 17 | B29: =1-_xlfn.BETA.DIST(VLOOKUP($A29,NB_p!$A$2:$G$25,3,FALSE),VLOOKUP($A29,NB_r!$A$2:$G$25,3,FALSE),B$20,TRUE) -> 0.98365219 | C29: =COUNTIF(INDEX($B$33:$Y$397,0,MATCH($A29,$B$32:$Y$32,0)),">="&C$20)/ROWS($A$33:$A$397) -> 0.99178082 | D29: =1-_xlfn.BETA.DIST(VLOOKUP($A29,NB_p!$A$2:$G$25,3,FALSE),VLOOKUP($A29,NB_r!$A$2:$G$25,3,FALSE),D$20,TRUE) -> 0.91654572 | E29: =COUNTIF(INDEX($B$33:$Y$397,0,MATCH($A29,$B$32:$Y$32,0)),">="&E$20)/ROWS($A$33:$A$397) -> 0.95068493 | F29: =1-_xlfn.BETA.DIST(VLOOKUP($A29,NB_p!$A$2:$G$25,3,FALSE),VLOOKUP($A29,NB_r!$A$2:$G$25,3,FALSE),F$20,TRUE) -> 0.77756203 | G29: =COUNTIF(INDEX($B$33:$Y$397,0,MATCH($A29,$B$32:$Y$32,0)),">="&G$20)/ROWS($A$33:$A$397) -> 0.80821918 | H29: =1-_xlfn.BETA.DIST(VLOOKUP($A29,NB_p!$A$2:$G$25,3,FALSE),VLOOKUP($A29,NB_r!$A$2:$G$25,3,FALSE),H$20,TRUE) -> 0.59157462 | I29: =COUNTIF(INDEX($B$33:$Y$397,0,MATCH($A29,$B$32:$Y$32,0)),">="&I$20)/ROWS($A$33:$A$397) -> 0.63013699 | J29: =1-_xlfn.BETA.DIST(VLOOKUP($A29,NB_p!$A$2:$G$25,3,FALSE),VLOOKUP($A29,NB_r!$A$2:$G$25,3,FALSE),J$20,TRUE) -> 0.40493673 | K29: =COUNTIF(INDEX($B$33:$Y$397,0,MATCH($A29,$B$32:$Y$32,0)),">="&K$20)/ROWS($A$33:$A$397) -> 0.37534247 | L29: =1-_xlfn.BETA.DIST(VLOOKUP($A29,NB_p!$A$2:$G$25,3,FALSE),VLOOKUP($A29,NB_r!$A$2:$G$25,3,FALSE),L$20,TRUE) -> 0.25213479 | M29: =COUNTIF(INDEX($B$33:$Y$397,0,MATCH($A29,$B$32:$Y$32,0)),">="&M$20)/ROWS($A$33:$A$397) -> 0.2109589 | N29: =1-_xlfn.BETA.DIST(VLOOKUP($A29,NB_p!$A$2:$G$25,3,FALSE),VLOOKUP($A29,NB_r!$A$2:$G$25,3,FALSE),N$20,TRUE) -> 0.14460522 | O29: =COUNTIF(INDEX($B$33:$Y$397,0,MATCH($A29,$B$32:$Y$32,0)),">="&O$20)/ROWS($A$33:$A$397) -> 0.098630137
A30: 18 | B30: =1-_xlfn.BETA.DIST(VLOOKUP($A30,NB_p!$A$2:$G$25,3,FALSE),VLOOKUP($A30,NB_r!$A$2:$G$25,3,FALSE),B$20,TRUE) -> 0.93891744 | C30: =COUNTIF(INDEX($B$33:$Y$397,0,MATCH($A30,$B$32:$Y$32,0)),">="&C$20)/ROWS($A$33:$A$397) -> 0.98356164 | D30: =1-_xlfn.BETA.DIST(VLOOKUP($A30,NB_p!$A$2:$G$25,3,FALSE),VLOOKUP($A30,NB_r!$A$2:$G$25,3,FALSE),D$20,TRUE) -> 0.79097998 | E30: =COUNTIF(INDEX($B$33:$Y$397,0,MATCH($A30,$B$32:$Y$32,0)),">="&E$20)/ROWS($A$33:$A$397) -> 0.89315068 | F30: =1-_xlfn.BETA.DIST(VLOOKUP($A30,NB_p!$A$2:$G$25,3,FALSE),VLOOKUP($A30,NB_r!$A$2:$G$25,3,FALSE),F$20,TRUE) -> 0.58276884 | G30: =COUNTIF(INDEX($B$33:$Y$397,0,MATCH($A30,$B$32:$Y$32,0)),">="&G$20)/ROWS($A$33:$A$397) -> 0.63287671 | H30: =1-_xlfn.BETA.DIST(VLOOKUP($A30,NB_p!$A$2:$G$25,3,FALSE),VLOOKUP($A30,NB_r!$A$2:$G$25,3,FALSE),H$20,TRUE) -> 0.37936041 | I30: =COUNTIF(INDEX($B$33:$Y$397,0,MATCH($A30,$B$32:$Y$32,0)),">="&I$20)/ROWS($A$33:$A$397) -> 0.3369863 | J30: =1-_xlfn.BETA.DIST(VLOOKUP($A30,NB_p!$A$2:$G$25,3,FALSE),VLOOKUP($A30,NB_r!$A$2:$G$25,3,FALSE),J$20,TRUE) -> 0.22233895 | K30: =COUNTIF(INDEX($B$33:$Y$397,0,MATCH($A30,$B$32:$Y$32,0)),">="&K$20)/ROWS($A$33:$A$397) -> 0.13972603 | L30: =1-_xlfn.BETA.DIST(VLOOKUP($A30,NB_p!$A$2:$G$25,3,FALSE),VLOOKUP($A30,NB_r!$A$2:$G$25,3,FALSE),L$20,TRUE) -> 0.11947635 | M30: =COUNTIF(INDEX($B$33:$Y$397,0,MATCH($A30,$B$32:$Y$32,0)),">="&M$20)/ROWS($A$33:$A$397) -> 0.052054795 | N30: =1-_xlfn.BETA.DIST(VLOOKUP($A30,NB_p!$A$2:$G$25,3,FALSE),VLOOKUP($A30,NB_r!$A$2:$G$25,3,FALSE),N$20,TRUE) -> 0.059763006 | O30: =COUNTIF(INDEX($B$33:$Y$397,0,MATCH($A30,$B$32:$Y$32,0)),">="&O$20)/ROWS($A$33:$A$397) -> 0.01369863
A32: Hour | B32: 0 | C32: 1 | D32: 2 | E32: 3 | F32: 4 | G32: 5 | H32: 6 | I32: 7 | J32: 8 | K32: 9 | L32: 10 | M32: 11 | N32: 12 | O32: 13 | P32: 14 | Q32: 15 | R32: 16 | S32: 17 | T32: 18 | U32: 19 | V32: 20 | W32: 21 | X32: 22 | Y32: 23
A33: 43466 | B33: 17 | C33: 11 | D33: 12 | E33: 10 | F33: 6 | G33: 6 | H33: 10 | I33: 8 | J33: 10 | K33: 10 | L33: 11 | M33: 19 | N33: 17 | O33: 14 | P33: 23 | Q33: 17 | R33: 23 | S33: 4 | T33: 14 | U33: 15 | V33: 13 | W33: 8 | X33: 10 | Y33: 5
A34: 43467 | B34: 11 | C34: 5 | D34: 3 | E34: 5 | F34: 2 | G34: 6 | H34: 1 | I34: 16 | J34: 20 | K34: 23 | L34: 18 | M34: 20 | N34: 29 | O34: 26 | P34: 16 | Q34: 22 | R34: 20 | S34: 34 | T34: 21 | U34: 16 | V34: 24 | W34: 5 | X34: 11 | Y34: 7
A35: 43468 | B35: 9 | C35: 3 | D35: 4 | E35: 6 | F35: 6 | G35: 8 | H35: 13 | I35: 14 | J35: 19 | K35: 36 | L35: 25 | M35: 27 | N35: 34 | O35: 23 | P35: 11 | Q35: 23 | R35: 20 | S35: 20 | T35: 26 | U35: 29 | V35: 17 | W35: 14 | X35: 11 | Y35: 14
A36: 43469 | B36: 7 | C36: 9 | D36: 4 | E36: 3 | F36: 5 | G36: 7 | H36: 23 | I36: 21 | J36: 32 | K36: 28 | L36: 22 | M36: 24 | N36: 24 | O36: 21 | P36: 24 | Q36: 29 | R36: 24 | S36: 25 | T36: 19 | U36: 23 | V36: 15 | W36: 14 | X36: 14 | Y36: 11
A37: 43470 | B37: 12 | C37: 4 | D37: 8 | E37: 7 | F37: 3 | G37: 7 | H37: 10 | I37: 9 | J37: 15 | K37: 29 | L37: 23 | M37: 23 | N37: 35 | O37: 21 | P37: 23 | Q37: 18 | R37: 15 | S37: 16 | T37: 19 | U37: 31 | V37: 13 | W37: 14 | X37: 16 | Y37: 7
A38: 43471 | B38: 6 | C38: 4 | D38: 4 | E38: 6 | F38: 16 | G38: 6 | H38: 5 | I38: 5 | J38: 14 | K38: 8 | L38: 15 | M38: 16 | N38: 18 | O38: 18 | P38: 21 | Q38: 16 | R38: 15 | S38: 9 | T38: 13 | U38: 14 | V38: 18 | W38: 12 | X38: 8 | Y38: 10
A39: 43472 | B39: 10 | C39: 5 | D39: 9 | E39: 3 | F39: 4 | G39: 7 | H39: 11 | I39: 21 | J39: 22 | K39: 35 | L39: 16 | M39: 38 | N39: 27 | O39: 27 | P39: 29 | Q39: 23 | R39: 27 | S39: 31 | T39: 24 | U39: 9 | V39: 13 | W39: 15 | X39: 10 | Y39: 13
A40: 43473 | B40: 3 | C40: 8 | D40: 4 | E40: 10 | F40: 6 | G40: 4 | H40: 5 | I40: 18 | J40: 17 | K40: 18 | L40: 22 | M40: 26 | N40: 26 | O40: 22 | P40: 18 | Q40: 21 | R40: 19 | S40: 45 | T40: 24 | U40: 15 | V40: 21 | W40: 17 | X40: 16 | Y40: 20
A41: 43474 | B41: 7 | C41: 3 | D41: 2 | E41: 10 | F41: 9 | G41: 5 | H41: 19 | I41: 25 | J41: 34 | K41: 19 | L41: 23 | M41: 20 | N41: 27 | O41: 24 | P41: 19 | Q41: 22 | R41: 31 | S41: 29 | T41: 18 | U41: 17 | V41: 14 | W41: 24 | X41: 7 | Y41: 8
A42: 43475 | B42: 5 | C42: 6 | D42: 5 | E42: 3 | F42: 7 | G42: 5 | H42: 20 | I42: 22 | J42: 21 | K42: 32 | L42: 17 | M42: 18 | N42: 24 | O42: 21 | P42: 28 | Q42: 30 | R42: 21 | S42: 34 | T42: 13 | U42: 14 | V42: 12 | W42: 14 | X42: 10 | Y42: 6
A43: 43476 | B43: 15 | C43: 7 | D43: 3 | E43: 10 | F43: 2 | G43: 3 | H43: 20 | I43: 16 | J43: 22 | K43: 24 | L43: 23 | M43: 23 | N43: 28 | O43: 27 | P43: 24 | Q43: 28 | R43: 22 | S43: 39 | T43: 39 | U43: 11 | V43: 19 | W43: 8 | X43: 12 | Y43: 12
A44: 43477 | B44: 10 | C44: 10 | D44: 3 | E44: 9 | F44: 6 | G44: 9 | H44: 3 | I44: 10 | J44: 20 | K44: 10 | L44: 20 | M44: 33 | N44: 22 | O44: 23 | P44: 28 | Q44: 22 | R44: 21 | S44: 26 | T44: 28 | U44: 18 | V44: 21 | W44: 13 | X44: 8 | Y44: 9
... A397: 43830 | B397: 17 | C397: 6 | D397: 15 | E397: 2 | F397: 11 | G397: 9 | H397: 11 | I397: 14 | J397: 18 | K397: 19 | L397: 17 | M397: 18 | N397: 23 | O397: 22 | P397: 17 | Q397: 20 | R397: 27 | S397: 12 | T397: 19 | U397: 15 | V397: 16 | W397: 18 | X397: 15 | Y397: 10

Sheet 2018
B1: NG_P(X≥3) | C1: Actual_P(X≥3) | D1: NG_P(X≥6) | E1: Actual_P(X≥6) | F1: NG_P(X≥9) | G1: Actual_P(X≥9) | H1: NG_P(X≥12) | I1: Actual_P(X≥12) | J1: NG_P(X≥15) | K1: Actual_P(X≥15)
A2: Low_frequency_hour | B2: 3 | C2: 3 | D2: 6 | E2: 6 | F2: 9 | G2: 9 | H2: 12 | I2: 12 | J2: 15 | K2: 15
A3: 0 | B3: =1-_xlfn.BETA.DIST(VLOOKUP($A3,NB_p!$A$2:$G$25,4,FALSE),VLOOKUP($A3,NB_r!$A$2:$G$25,4,FALSE),B$2,TRUE) -> 0.9063745 | C3: =COUNTIF(INDEX($B$33:$Y$397,0,MATCH($A3,$B$32:$Y$32,0)),">="&C$2)/ROWS($A$33:$A$397) -> 0.96712329 | D3: =1-_xlfn.BETA.DIST(VLOOKUP($A3,NB_p!$A$2:$G$25,4,FALSE),VLOOKUP($A3,NB_r!$A$2:$G$25,4,FALSE),D$2,TRUE) -> 0.67851789 | E3: =COUNTIF(INDEX($B$33:$Y$397,0,MATCH($A3,$B$32:$Y$32,0)),">="&E$2)/ROWS($A$33:$A$397) -> 0.75890411 | F3: =1-_xlfn.BETA.DIST(VLOOKUP($A3,NB_p!$A$2:$G$25,4,FALSE),VLOOKUP($A3,NB_r!$A$2:$G$25,4,FALSE),F$2,TRUE) -> 0.43612507 | G3: =COUNTIF(INDEX($B$33:$Y$397,0,MATCH($A3,$B$32:$Y$32,0)),">="&G$2)/ROWS($A$33:$A$397) -> 0.42191781 | H3: =1-_xlfn.BETA.DIST(VLOOKUP($A3,NB_p!$A$2:$G$25,4,FALSE),VLOOKUP($A3,NB_r!$A$2:$G$25,4,FALSE),H$2,TRUE) -> 0.251534 | I3: =COUNTIF(INDEX($B$33:$Y$397,0,MATCH($A3,$B$32:$Y$32,0)),">="&I$2)/ROWS($A$33:$A$397) -> 0.1890411 | J3: =1-_xlfn.BETA.DIST(VLOOKUP($A3,NB_p!$A$2:$G$25,4,FALSE),VLOOKUP($A3,NB_r!$A$2:$G$25,4,FALSE),J$2,TRUE) -> 0.1341726 | K3: =COUNTIF(INDEX($B$33:$Y$397,0,MATCH($A3,$B$32:$Y$32,0)),">="&K$2)/ROWS($A$33:$A$397) -> 0.073972603
A4: 1 | B4: =1-_xlfn.BETA.DIST(VLOOKUP($A4,NB_p!$A$2:$G$25,4,FALSE),VLOOKUP($A4,NB_r!$A$2:$G$25,4,FALSE),B$2,TRUE) -> 0.89079337 | C4: =COUNTIF(INDEX($B$33:$Y$397,0,MATCH($A4,$B$32:$Y$32,0)),">="&C$2)/ROWS($A$33:$A$397) -> 0.94794521 | D4: =1-_xlfn.BETA.DIST(VLOOKUP($A4,NB_p!$A$2:$G$25,4,FALSE),VLOOKUP($A4,NB_r!$A$2:$G$25,4,FALSE),D$2,TRUE) -> 0.61398367 | E4: =COUNTIF(INDEX($B$33:$Y$397,0,MATCH($A4,$B$32:$Y$32,0)),">="&E$2)/ROWS($A$33:$A$397) -> 0.69315068 | F4: =1-_xlfn.BETA.DIST(VLOOKUP($A4,NB_p!$A$2:$G$25,4,FALSE),VLOOKUP($A4,NB_r!$A$2:$G$25,4,FALSE),F$2,TRUE) -> 0.34195642 | G4: =COUNTIF(INDEX($B$33:$Y$397,0,MATCH($A4,$B$32:$Y$32,0)),">="&G$2)/ROWS($A$33:$A$397) -> 0.2739726 | H4: =1-_xlfn.BETA.DIST(VLOOKUP($A4,NB_p!$A$2:$G$25,4,FALSE),VLOOKUP($A4,NB_r!$A$2:$G$25,4,FALSE),H$2,TRUE) -> 0.16368344 | I4: =COUNTIF(INDEX($B$33:$Y$397,0,MATCH($A4,$B$32:$Y$32,0)),">="&I$2)/ROWS($A$33:$A$397) -> 0.098630137 | J4: =1-_xlfn.BETA.DIST(VLOOKUP($A4,NB_p!$A$2:$G$25,4,FALSE),VLOOKUP($A4,NB_r!$A$2:$G$25,4,FALSE),J$2,TRUE) -> 0.070302584 | K4: =COUNTIF(INDEX($B$33:$Y$397,0,MATCH($A4,$B$32:$Y$32,0)),">="&K$2)/ROWS($A$33:$A$397) -> 0.04109589
A5: 2 | B5: =1-_xlfn.BETA.DIST(VLOOKUP($A5,NB_p!$A$2:$G$25,4,FALSE),VLOOKUP($A5,NB_r!$A$2:$G$25,4,FALSE),B$2,TRUE) -> 0.88090085 | C5: =COUNTIF(INDEX($B$33:$Y$397,0,MATCH($A5,$B$32:$Y$32,0)),">="&C$2)/ROWS($A$33:$A$397) -> 0.89041096 | D5: =1-_xlfn.BETA.DIST(VLOOKUP($A5,NB_p!$A$2:$G$25,4,FALSE),VLOOKUP($A5,NB_r!$A$2:$G$25,4,FALSE),D$2,TRUE) -> 0.56215717 | E5: =COUNTIF(INDEX($B$33:$Y$397,0,MATCH($A5,$B$32:$Y$32,0)),">="&E$2)/ROWS($A$33:$A$397) -> 0.55890411 | F5: =1-_xlfn.BETA.DIST(VLOOKUP($A5,NB_p!$A$2:$G$25,4,FALSE),VLOOKUP($A5,NB_r!$A$2:$G$25,4,FALSE),F$2,TRUE) -> 0.27028067 | G5: =COUNTIF(INDEX($B$33:$Y$397,0,MATCH($A5,$B$32:$Y$32,0)),">="&G$2)/ROWS($A$33:$A$397) -> 0.26027397 | H5: =1-_xlfn.BETA.DIST(VLOOKUP($A5,NB_p!$A$2:$G$25,4,FALSE),VLOOKUP($A5,NB_r!$A$2:$G$25,4,FALSE),H$2,TRUE) -> 0.1060271 | I5: =COUNTIF(INDEX($B$33:$Y$397,0,MATCH($A5,$B$32:$Y$32,0)),">="&I$2)/ROWS($A$33:$A$397) -> 0.090410959 | J5: =1-_xlfn.BETA.DIST(VLOOKUP($A5,NB_p!$A$2:$G$25,4,FALSE),VLOOKUP($A5,NB_r!$A$2:$G$25,4,FALSE),J$2,TRUE) -> 0.035951888 | K5: =COUNTIF(INDEX($B$33:$Y$397,0,MATCH($A5,$B$32:$Y$32,0)),">="&K$2)/ROWS($A$33:$A$397) -> 0.030136986
A6: 3 | B6: =1-_xlfn.BETA.DIST(VLOOKUP($A6,NB_p!$A$2:$G$25,4,FALSE),VLOOKUP($A6,NB_r!$A$2:$G$25,4,FALSE),B$2,TRUE) -> 0.87472928 | C6: =COUNTIF(INDEX($B$33:$Y$397,0,MATCH($A6,$B$32:$Y$32,0)),">="&C$2)/ROWS($A$33:$A$397) -> 0.89315068 | D6: =1-_xlfn.BETA.DIST(VLOOKUP($A6,NB_p!$A$2:$G$25,4,FALSE),VLOOKUP($A6,NB_r!$A$2:$G$25,4,FALSE),D$2,TRUE) -> 0.50129886 | E6: =COUNTIF(INDEX($B$33:$Y$397,0,MATCH($A6,$B$32:$Y$32,0)),">="&E$2)/ROWS($A$33:$A$397) -> 0.4739726 | F6: =1-_xlfn.BETA.DIST(VLOOKUP($A6,NB_p!$A$2:$G$25,4,FALSE),VLOOKUP($A6,NB_r!$A$2:$G$25,4,FALSE),F$2,TRUE) -> 0.19007418 | G6: =COUNTIF(INDEX($B$33:$Y$397,0,MATCH($A6,$B$32:$Y$32,0)),">="&G$2)/ROWS($A$33:$A$397) -> 0.1890411 | H6: =1-_xlfn.BETA.DIST(VLOOKUP($A6,NB_p!$A$2:$G$25,4,FALSE),VLOOKUP($A6,NB_r!$A$2:$G$25,4,FALSE),H$2,TRUE) -> 0.052992105 | I6: =COUNTIF(INDEX($B$33:$Y$397,0,MATCH($A6,$B$32:$Y$32,0)),">="&I$2)/ROWS($A$33:$A$397) -> 0.057534247 | J6: =1-_xlfn.BETA.DIST(VLOOKUP($A6,NB_p!$A$2:$G$25,4,FALSE),VLOOKUP($A6,NB_r!$A$2:$G$25,4,FALSE),J$2,TRUE) -> 0.011811028 | K6: =COUNTIF(INDEX($B$33:$Y$397,0,MATCH($A6,$B$32:$Y$32,0)),">="&K$2)/ROWS($A$33:$A$397) -> 0.01369863
A7: 4 | B7: =1-_xlfn.BETA.DIST(VLOOKUP($A7,NB_p!$A$2:$G$25,4,FALSE),VLOOKUP($A7,NB_r!$A$2:$G$25,4,FALSE),B$2,TRUE) -> 0.86432631 | C7: =COUNTIF(INDEX($B$33:$Y$397,0,MATCH($A7,$B$32:$Y$32,0)),">="&C$2)/ROWS($A$33:$A$397) -> 0.88493151 | D7: =1-_xlfn.BETA.DIST(VLOOKUP($A7,NB_p!$A$2:$G$25,4,FALSE),VLOOKUP($A7,NB_r!$A$2:$G$25,4,FALSE),D$2,TRUE) -> 0.49285402 | E7: =COUNTIF(INDEX($B$33:$Y$397,0,MATCH($A7,$B$32:$Y$32,0)),">="&E$2)/ROWS($A$33:$A$397) -> 0.49315068 | F7: =1-_xlfn.BETA.DIST(VLOOKUP($A7,NB_p!$A$2:$G$25,4,FALSE),VLOOKUP($A7,NB_r!$A$2:$G$25,4,FALSE),F$2,TRUE) -> 0.19178248 | G7: =COUNTIF(INDEX($B$33:$Y$397,0,MATCH($A7,$B$32:$Y$32,0)),">="&G$2)/ROWS($A$33:$A$397) -> 0.17808219 | H7: =1-_xlfn.BETA.DIST(VLOOKUP($A7,NB_p!$A$2:$G$25,4,FALSE),VLOOKUP($A7,NB_r!$A$2:$G$25,4,FALSE),H$2,TRUE) -> 0.056561601 | I7: =COUNTIF(INDEX($B$33:$Y$397,0,MATCH($A7,$B$32:$Y$32,0)),">="&I$2)/ROWS($A$33:$A$397) -> 0.068493151 | J7: =1-_xlfn.BETA.DIST(VLOOKUP($A7,NB_p!$A$2:$G$25,4,FALSE),VLOOKUP($A7,NB_r!$A$2:$G$25,4,FALSE),J$2,TRUE) -> 0.013668368 | K7: =COUNTIF(INDEX($B$33:$Y$397,0,MATCH($A7,$B$32:$Y$32,0)),">="&K$2)/ROWS($A$33:$A$397) -> 0.010958904
A8: 5 | B8: =1-_xlfn.BETA.DIST(VLOOKUP($A8,NB_p!$A$2:$G$25,4,FALSE),VLOOKUP($A8,NB_r!$A$2:$G$25,4,FALSE),B$2,TRUE) -> 0.87880366 | C8: =COUNTIF(INDEX($B$33:$Y$397,0,MATCH($A8,$B$32:$Y$32,0)),">="&C$2)/ROWS($A$33:$A$397) -> 0.92054795 | D8: =1-_xlfn.BETA.DIST(VLOOKUP($A8,NB_p!$A$2:$G$25,4,FALSE),VLOOKUP($A8,NB_r!$A$2:$G$25,4,FALSE),D$2,TRUE) -> 0.59243679 | E8: =COUNTIF(INDEX($B$33:$Y$397,0,MATCH($A8,$B$32:$Y$32,0)),">="&E$2)/ROWS($A$33:$A$397) -> 0.62191781 | F8: =1-_xlfn.BETA.DIST(VLOOKUP($A8,NB_p!$A$2:$G$25,4,FALSE),VLOOKUP($A8,NB_r!$A$2:$G$25,4,FALSE),F$2,TRUE) -> 0.32378899 | G8: =COUNTIF(INDEX($B$33:$Y$397,0,MATCH($A8,$B$32:$Y$32,0)),">="&G$2)/ROWS($A$33:$A$397) -> 0.29041096 | H8: =1-_xlfn.BETA.DIST(VLOOKUP($A8,NB_p!$A$2:$G$25,4,FALSE),VLOOKUP($A8,NB_r!$A$2:$G$25,4,FALSE),H$2,TRUE) -> 0.15292046 | I8: =COUNTIF(INDEX($B$33:$Y$397,0,MATCH($A8,$B$32:$Y$32,0)),">="&I$2)/ROWS($A$33:$A$397) -> 0.11232877 | J8: =1-_xlfn.BETA.DIST(VLOOKUP($A8,NB_p!$A$2:$G$25,4,FALSE),VLOOKUP($A8,NB_r!$A$2:$G$25,4,FALSE),J$2,TRUE) -> 0.065124857 | K8: =COUNTIF(INDEX($B$33:$Y$397,0,MATCH($A8,$B$32:$Y$32,0)),">="&K$2)/ROWS($A$33:$A$397) -> 0.046575342
A9: 6 | B9: =1-_xlfn.BETA.DIST(VLOOKUP($A9,NB_p!$A$2:$G$25,4,FALSE),VLOOKUP($A9,NB_r!$A$2:$G$25,4,FALSE),B$2,TRUE) -> 0.97230844 | C9: =COUNTIF(INDEX($B$33:$Y$397,0,MATCH($A9,$B$32:$Y$32,0)),">="&C$2)/ROWS($A$33:$A$397) -> 0.97808219 | D9: =1-_xlfn.BETA.DIST(VLOOKUP($A9,NB_p!$A$2:$G$25,4,FALSE),VLOOKUP($A9,NB_r!$A$2:$G$25,4,FALSE),D$2,TRUE) -> 0.84088523 | E9: =COUNTIF(INDEX($B$33:$Y$397,0,MATCH($A9,$B$32:$Y$32,0)),">="&E$2)/ROWS($A$33:$A$397) -> 0.86849315 | F9: =1-_xlfn.BETA.DIST(VLOOKUP($A9,NB_p!$A$2:$G$25,4,FALSE),VLOOKUP($A9,NB_r!$A$2:$G$25,4,FALSE),F$2,TRUE) -> 0.62235958 | G9: =COUNTIF(INDEX($B$33:$Y$397,0,MATCH($A9,$B$32:$Y$32,0)),">="&G$2)/ROWS($A$33:$A$397) -> 0.62739726 | H9: =1-_xlfn.BETA.DIST(VLOOKUP($A9,NB_p!$A$2:$G$25,4,FALSE),VLOOKUP($A9,NB_r!$A$2:$G$25,4,FALSE),H$2,TRUE) -> 0.39962121 | I9: =COUNTIF(INDEX($B$33:$Y$397,0,MATCH($A9,$B$32:$Y$32,0)),">="&I$2)/ROWS($A$33:$A$397) -> 0.39726027 | J9: =1-_xlfn.BETA.DIST(VLOOKUP($A9,NB_p!$A$2:$G$25,4,FALSE),VLOOKUP($A9,NB_r!$A$2:$G$25,4,FALSE),J$2,TRUE) -> 0.22847993 | K9: =COUNTIF(INDEX($B$33:$Y$397,0,MATCH($A9,$B$32:$Y$32,0)),">="&K$2)/ROWS($A$33:$A$397) -> 0.19178082
A10: 23 | B10: =1-_xlfn.BETA.DIST(VLOOKUP($A10,NB_p!$A$2:$G$25,4,FALSE),VLOOKUP($A10,NB_r!$A$2:$G$25,4,FALSE),B$2,TRUE) -> 0.92650807 | C10: =COUNTIF(INDEX($B$33:$Y$397,0,MATCH($A10,$B$32:$Y$32,0)),">="&C$2)/ROWS($A$33:$A$397) -> 0.98630137 | D10: =1-_xlfn.BETA.DIST(VLOOKUP($A10,NB_p!$A$2:$G$25,4,FALSE),VLOOKUP($A10,NB_r!$A$2:$G$25,4,FALSE),D$2,TRUE) -> 0.75260857 | E10: =COUNTIF(INDEX($B$33:$Y$397,0,MATCH($A10,$B$32:$Y$32,0)),">="&E$2)/ROWS($A$33:$A$397) -> 0.89041096 | F10: =1-_xlfn.BETA.DIST(VLOOKUP($A10,NB_p!$A$2:$G$25,4,FALSE),VLOOKUP($A10,NB_r!$A$2:$G$25,4,FALSE),F$2,TRUE) -> 0.5518737 | G10: =COUNTIF(INDEX($B$33:$Y$397,0,MATCH($A10,$B$32:$Y$32,0)),">="&G$2)/ROWS($A$33:$A$397) -> 0.6109589 | H10: =1-_xlfn.BETA.DIST(VLOOKUP($A10,NB_p!$A$2:$G$25,4,FALSE),VLOOKUP($A10,NB_r!$A$2:$G$25,4,FALSE),H$2,TRUE) -> 0.37591325 | I10: =COUNTIF(INDEX($B$33:$Y$397,0,MATCH($A10,$B$32:$Y$32,0)),">="&I$2)/ROWS($A$33:$A$397) -> 0.32876712 | J10: =1-_xlfn.BETA.DIST(VLOOKUP($A10,NB_p!$A$2:$G$25,4,FALSE),VLOOKUP($A10,NB_r!$A$2:$G$25,4,FALSE),J$2,TRUE) -> 0.24258616 | K10: =COUNTIF(INDEX($B$33:$Y$397,0,MATCH($A10,$B$32:$Y$32,0)),">="&K$2)/ROWS($A$33:$A$397) -> 0.16164384
B11: NG_P(X≥5) | C11: Actual_P(X≥5) | D11: NG_P(X≥10) | E11: Actual_P(X≥10) | F11: NG_P(X≥15) | G11: Actual_P(X≥15) | H11: NG_P(X≥20) | I11: Actual_P(X≥20) | J11: NG_P(X≥25) | K11: Actual_P(X≥25) | L11: NG_P(X≥30) | M11: Actual_P(X≥30)
A12: Mid_frequency_hour | B12: 5 | C12: 5 | D12: 10 | E12: 10 | F12: 15 | G12: 15 | H12: 20 | I12: 20 | J12: 25 | K12: 25 | L12: 30 | M12: 30
A13: 7 | B13: =1-_xlfn.BETA.DIST(VLOOKUP($A13,NB_p!$A$2:$G$25,4,FALSE),VLOOKUP($A13,NB_r!$A$2:$G$25,4,FALSE),B$12,TRUE) -> 0.98241197 | C13: =COUNTIF(INDEX($B$33:$Y$397,0,MATCH($A13,$B$32:$Y$32,0)),">="&C$12)/ROWS($A$33:$A$397) -> 0.9890411 | D13: =1-_xlfn.BETA.DIST(VLOOKUP($A13,NB_p!$A$2:$G$25,4,FALSE),VLOOKUP($A13,NB_r!$A$2:$G$25,4,FALSE),D$12,TRUE) -> 0.84818056 | E13: =COUNTIF(INDEX($B$33:$Y$397,0,MATCH($A13,$B$32:$Y$32,0)),">="&E$12)/ROWS($A$33:$A$397) -> 0.83561644 | F13: =1-_xlfn.BETA.DIST(VLOOKUP($A13,NB_p!$A$2:$G$25,4,FALSE),VLOOKUP($A13,NB_r!$A$2:$G$25,4,FALSE),F$12,TRUE) -> 0.59104695 | G13: =COUNTIF(INDEX($B$33:$Y$397,0,MATCH($A13,$B$32:$Y$32,0)),">="&G$12)/ROWS($A$33:$A$397) -> 0.6109589 | H13: =1-_xlfn.BETA.DIST(VLOOKUP($A13,NB_p!$A$2:$G$25,4,FALSE),VLOOKUP($A13,NB_r!$A$2:$G$25,4,FALSE),H$12,TRUE) -> 0.33562863 | I13: =COUNTIF(INDEX($B$33:$Y$397,0,MATCH($A13,$B$32:$Y$32,0)),">="&I$12)/ROWS($A$33:$A$397) -> 0.35616438 | J13: =1-_xlfn.BETA.DIST(VLOOKUP($A13,NB_p!$A$2:$G$25,4,FALSE),VLOOKUP($A13,NB_r!$A$2:$G$25,4,FALSE),J$12,TRUE) -> 0.16142697 | K13: =COUNTIF(INDEX($B$33:$Y$397,0,MATCH($A13,$B$32:$Y$32,0)),">="&K$12)/ROWS($A$33:$A$397) -> 0.14520548 | L13: =1-_xlfn.BETA.DIST(VLOOKUP($A13,NB_p!$A$2:$G$25,4,FALSE),VLOOKUP($A13,NB_r!$A$2:$G$25,4,FALSE),L$12,TRUE) -> 0.068164478 | M13: =COUNTIF(INDEX($B$33:$Y$397,0,MATCH($A13,$B$32:$Y$32,0)),">="&M$12)/ROWS($A$33:$A$397) -> 0.054794521
A14: 8 | B14: =1-_xlfn.BETA.DIST(VLOOKUP($A14,NB_p!$A$2:$G$25,4,FALSE),VLOOKUP($A14,NB_r!$A$2:$G$25,4,FALSE),B$12,TRUE) -> 0.99543414 | C14: =COUNTIF(INDEX($B$33:$Y$397,0,MATCH($A14,$B$32:$Y$32,0)),">="&C$12)/ROWS($A$33:$A$397) -> 1 | D14: =1-_xlfn.BETA.DIST(VLOOKUP($A14,NB_p!$A$2:$G$25,4,FALSE),VLOOKUP($A14,NB_r!$A$2:$G$25,4,FALSE),D$12,TRUE) -> 0.93941267 | E14: =COUNTIF(INDEX($B$33:$Y$397,0,MATCH($A14,$B$32:$Y$32,0)),">="&E$12)/ROWS($A$33:$A$397) -> 0.95068493 | F14: =1-_xlfn.BETA.DIST(VLOOKUP($A14,NB_p!$A$2:$G$25,4,FALSE),VLOOKUP($A14,NB_r!$A$2:$G$25,4,FALSE),F$12,TRUE) -> 0.77743041 | G14: =COUNTIF(INDEX($B$33:$Y$397,0,MATCH($A14,$B$32:$Y$32,0)),">="&G$12)/ROWS($A$33:$A$397) -> 0.76438356 | H14: =1-_xlfn.BETA.DIST(VLOOKUP($A14,NB_p!$A$2:$G$25,4,FALSE),VLOOKUP($A14,NB_r!$A$2:$G$25,4,FALSE),H$12,TRUE) -> 0.54697945 | I14: =COUNTIF(INDEX($B$33:$Y$397,0,MATCH($A14,$B$32:$Y$32,0)),">="&I$12)/ROWS($A$33:$A$397) -> 0.57534247 | J14: =1-_xlfn.BETA.DIST(VLOOKUP($A14,NB_p!$A$2:$G$25,4,FALSE),VLOOKUP($A14,NB_r!$A$2:$G$25,4,FALSE),J$12,TRUE) -> 0.3305468 | K14: =COUNTIF(INDEX($B$33:$Y$397,0,MATCH($A14,$B$32:$Y$32,0)),">="&K$12)/ROWS($A$33:$A$397) -> 0.33424658 | L14: =1-_xlfn.BETA.DIST(VLOOKUP($A14,NB_p!$A$2:$G$25,4,FALSE),VLOOKUP($A14,NB_r!$A$2:$G$25,4,FALSE),L$12,TRUE) -> 0.17555572 | M14: =COUNTIF(INDEX($B$33:$Y$397,0,MATCH($A14,$B$32:$Y$32,0)),">="&M$12)/ROWS($A$33:$A$397) -> 0.15068493
A15: 19 | B15: =1-_xlfn.BETA.DIST(VLOOKUP($A15,NB_p!$A$2:$G$25,4,FALSE),VLOOKUP($A15,NB_r!$A$2:$G$25,4,FALSE),B$12,TRUE) -> 0.98176644 | C15: =COUNTIF(INDEX($B$33:$Y$397,0,MATCH($A15,$B$32:$Y$32,0)),">="&C$12)/ROWS($A$33:$A$397) -> 1 | D15: =1-_xlfn.BETA.DIST(VLOOKUP($A15,NB_p!$A$2:$G$25,4,FALSE),VLOOKUP($A15,NB_r!$A$2:$G$25,4,FALSE),D$12,TRUE) -> 0.87248121 | E15: =COUNTIF(INDEX($B$33:$Y$397,0,MATCH($A15,$B$32:$Y$32,0)),">="&E$12)/ROWS($A$33:$A$397) -> 0.98082192 | F15: =1-_xlfn.BETA.DIST(VLOOKUP($A15,NB_p!$A$2:$G$25,4,FALSE),VLOOKUP($A15,NB_r!$A$2:$G$25,4,FALSE),F$12,TRUE) -> 0.67177719 | G15: =COUNTIF(INDEX($B$33:$Y$397,0,MATCH($A15,$B$32:$Y$32,0)),">="&G$12)/ROWS($A$33:$A$397) -> 0.74794521 | H15: =1-_xlfn.BETA.DIST(VLOOKUP($A15,NB_p!$A$2:$G$25,4,FALSE),VLOOKUP($A15,NB_r!$A$2:$G$25,4,FALSE),H$12,TRUE) -> 0.45298774 | I15: =COUNTIF(INDEX($B$33:$Y$397,0,MATCH($A15,$B$32:$Y$32,0)),">="&I$12)/ROWS($A$33:$A$397) -> 0.45753425 | J15: =1-_xlfn.BETA.DIST(VLOOKUP($A15,NB_p!$A$2:$G$25,4,FALSE),VLOOKUP($A15,NB_r!$A$2:$G$25,4,FALSE),J$12,TRUE) -> 0.27416982 | K15: =COUNTIF(INDEX($B$33:$Y$397,0,MATCH($A15,$B$32:$Y$32,0)),">="&K$12)/ROWS($A$33:$A$397) -> 0.17534247 | L15: =1-_xlfn.BETA.DIST(VLOOKUP($A15,NB_p!$A$2:$G$25,4,FALSE),VLOOKUP($A15,NB_r!$A$2:$G$25,4,FALSE),L$12,TRUE) -> 0.15231983 | M15: =COUNTIF(INDEX($B$33:$Y$397,0,MATCH($A15,$B$32:$Y$32,0)),">="&M$12)/ROWS($A$33:$A$397) -> 0.046575342
A16: 20 | B16: =1-_xlfn.BETA.DIST(VLOOKUP($A16,NB_p!$A$2:$G$25,4,FALSE),VLOOKUP($A16,NB_r!$A$2:$G$25,4,FALSE),B$12,TRUE) -> 0.98416846 | C16: =COUNTIF(INDEX($B$33:$Y$397,0,MATCH($A16,$B$32:$Y$32,0)),">="&C$12)/ROWS($A$33:$A$397) -> 0.99726027 | D16: =1-_xlfn.BETA.DIST(VLOOKUP($A16,NB_p!$A$2:$G$25,4,FALSE),VLOOKUP($A16,NB_r!$A$2:$G$25,4,FALSE),D$12,TRUE) -> 0.85672997 | E16: =COUNTIF(INDEX($B$33:$Y$397,0,MATCH($A16,$B$32:$Y$32,0)),">="&E$12)/ROWS($A$33:$A$397) -> 0.9369863 | F16: =1-_xlfn.BETA.DIST(VLOOKUP($A16,NB_p!$A$2:$G$25,4,FALSE),VLOOKUP($A16,NB_r!$A$2:$G$25,4,FALSE),F$12,TRUE) -> 0.60347307 | G16: =COUNTIF(INDEX($B$33:$Y$397,0,MATCH($A16,$B$32:$Y$32,0)),">="&G$12)/ROWS($A$33:$A$397) -> 0.66575342 | H16: =1-_xlfn.BETA.DIST(VLOOKUP($A16,NB_p!$A$2:$G$25,4,FALSE),VLOOKUP($A16,NB_r!$A$2:$G$25,4,FALSE),H$12,TRUE) -> 0.34574794 | I16: =COUNTIF(INDEX($B$33:$Y$397,0,MATCH($A16,$B$32:$Y$32,0)),">="&I$12)/ROWS($A$33:$A$397) -> 0.28767123 | J16: =1-_xlfn.BETA.DIST(VLOOKUP($A16,NB_p!$A$2:$G$25,4,FALSE),VLOOKUP($A16,NB_r!$A$2:$G$25,4,FALSE),J$12,TRUE) -> 0.1672444 | K16: =COUNTIF(INDEX($B$33:$Y$397,0,MATCH($A16,$B$32:$Y$32,0)),">="&K$12)/ROWS($A$33:$A$397) -> 0.10136986 | L16: =1-_xlfn.BETA.DIST(VLOOKUP($A16,NB_p!$A$2:$G$25,4,FALSE),VLOOKUP($A16,NB_r!$A$2:$G$25,4,FALSE),L$12,TRUE) -> 0.07079988 | M16: =COUNTIF(INDEX($B$33:$Y$397,0,MATCH($A16,$B$32:$Y$32,0)),">="&M$12)/ROWS($A$33:$A$397) -> 0.030136986
A17: 21 | B17: =1-_xlfn.BETA.DIST(VLOOKUP($A17,NB_p!$A$2:$G$25,4,FALSE),VLOOKUP($A17,NB_r!$A$2:$G$25,4,FALSE),B$12,TRUE) -> 0.97632197 | C17: =COUNTIF(INDEX($B$33:$Y$397,0,MATCH($A17,$B$32:$Y$32,0)),">="&C$12)/ROWS($A$33:$A$397) -> 0.99452055 | D17: =1-_xlfn.BETA.DIST(VLOOKUP($A17,NB_p!$A$2:$G$25,4,FALSE),VLOOKUP($A17,NB_r!$A$2:$G$25,4,FALSE),D$12,TRUE) -> 0.80197267 | E17: =COUNTIF(INDEX($B$33:$Y$397,0,MATCH($A17,$B$32:$Y$32,0)),">="&E$12)/ROWS($A$33:$A$397) -> 0.87671233 | F17: =1-_xlfn.BETA.DIST(VLOOKUP($A17,NB_p!$A$2:$G$25,4,FALSE),VLOOKUP($A17,NB_r!$A$2:$G$25,4,FALSE),F$12,TRUE) -> 0.50103655 | G17: =COUNTIF(INDEX($B$33:$Y$397,0,MATCH($A17,$B$32:$Y$32,0)),">="&G$12)/ROWS($A$33:$A$397) -> 0.49863014 | H17: =1-_xlfn.BETA.DIST(VLOOKUP($A17,NB_p!$A$2:$G$25,4,FALSE),VLOOKUP($A17,NB_r!$A$2:$G$25,4,FALSE),H$12,TRUE) -> 0.24389953 | I17: =COUNTIF(INDEX($B$33:$Y$397,0,MATCH($A17,$B$32:$Y$32,0)),">="&I$12)/ROWS($A$33:$A$397) -> 0.18630137 | J17: =1-_xlfn.BETA.DIST(VLOOKUP($A17,NB_p!$A$2:$G$25,4,FALSE),VLOOKUP($A17,NB_r!$A$2:$G$25,4,FALSE),J$12,TRUE) -> 0.09757063 | K17: =COUNTIF(INDEX($B$33:$Y$397,0,MATCH($A17,$B$32:$Y$32,0)),">="&K$12)/ROWS($A$33:$A$397) -> 0.057534247 | L17: =1-_xlfn.BETA.DIST(VLOOKUP($A17,NB_p!$A$2:$G$25,4,FALSE),VLOOKUP($A17,NB_r!$A$2:$G$25,4,FALSE),L$12,TRUE) -> 0.033563661 | M17: =COUNTIF(INDEX($B$33:$Y$397,0,MATCH($A17,$B$32:$Y$32,0)),">="&M$12)/ROWS($A$33:$A$397) -> 0.01369863
A18: 22 | B18: =1-_xlfn.BETA.DIST(VLOOKUP($A18,NB_p!$A$2:$G$25,4,FALSE),VLOOKUP($A18,NB_r!$A$2:$G$25,4,FALSE),B$12,TRUE) -> 0.95221642 | C18: =COUNTIF(INDEX($B$33:$Y$397,0,MATCH($A18,$B$32:$Y$32,0)),">="&C$12)/ROWS($A$33:$A$397) -> 0.97534247 | D18: =1-_xlfn.BETA.DIST(VLOOKUP($A18,NB_p!$A$2:$G$25,4,FALSE),VLOOKUP($A18,NB_r!$A$2:$G$25,4,FALSE),D$12,TRUE) -> 0.67485643 | E18: =COUNTIF(INDEX($B$33:$Y$397,0,MATCH($A18,$B$32:$Y$32,0)),">="&E$12)/ROWS($A$33:$A$397) -> 0.71506849 | F18: =1-_xlfn.BETA.DIST(VLOOKUP($A18,NB_p!$A$2:$G$25,4,FALSE),VLOOKUP($A18,NB_r!$A$2:$G$25,4,FALSE),F$12,TRUE) -> 0.32361527 | G18: =COUNTIF(INDEX($B$33:$Y$397,0,MATCH($A18,$B$32:$Y$32,0)),">="&G$12)/ROWS($A$33:$A$397) -> 0.26575342 | H18: =1-_xlfn.BETA.DIST(VLOOKUP($A18,NB_p!$A$2:$G$25,4,FALSE),VLOOKUP($A18,NB_r!$A$2:$G$25,4,FALSE),H$12,TRUE) -> 0.1130394 | I18: =COUNTIF(INDEX($B$33:$Y$397,0,MATCH($A18,$B$32:$Y$32,0)),">="&I$12)/ROWS($A$33:$A$397) -> 0.065753425 | J18: =1-_xlfn.BETA.DIST(VLOOKUP($A18,NB_p!$A$2:$G$25,4,FALSE),VLOOKUP($A18,NB_r!$A$2:$G$25,4,FALSE),J$12,TRUE) -> 0.031235959 | K18: =COUNTIF(INDEX($B$33:$Y$397,0,MATCH($A18,$B$32:$Y$32,0)),">="&K$12)/ROWS($A$33:$A$397) -> 0.019178082 | L18: =1-_xlfn.BETA.DIST(VLOOKUP($A18,NB_p!$A$2:$G$25,4,FALSE),VLOOKUP($A18,NB_r!$A$2:$G$25,4,FALSE),L$12,TRUE) -> 0.0072502477 | M18: =COUNTIF(INDEX($B$33:$Y$397,0,MATCH($A18,$B$32:$Y$32,0)),">="&M$12)/ROWS($A$33:$A$397) -> 0.016438356
B19: NG_P(X≥10) | C19: Actual_P(X≥10) | D19: NG_P(X≥15) | E19: Actual_P(X≥15) | F19: NG_P(X≥20) | G19: Actual_P(X≥20) | H19: NG_P(X≥25) | I19: Actual_P(X≥25) | J19: NG_P(X≥30) | K19: Actual_P(X≥30) | L19: NG_P(X≥35) | M19: Actual_P(X≥35) | N19: NG_P(X≥40) | O19: Actual_P(X≥40)
A20: High_frequency_hour | B20: 10 | C20: 10 | D20: 15 | E20: 15 | F20: 20 | G20: 20 | H20: 25 | I20: 25 | J20: 30 | K20: 30 | L20: 35 | M20: 35 | N20: 40 | O20: 40
A21: 9 | B21: =1-_xlfn.BETA.DIST(VLOOKUP($A21,NB_p!$A$2:$G$25,4,FALSE),VLOOKUP($A21,NB_r!$A$2:$G$25,4,FALSE),B$20,TRUE) -> 0.94143232 | C21: =COUNTIF(INDEX($B$33:$Y$397,0,MATCH($A21,$B$32:$Y$32,0)),">="&C$20)/ROWS($A$33:$A$397) -> 0.96986301 | D21: =1-_xlfn.BETA.DIST(VLOOKUP($A21,NB_p!$A$2:$G$25,4,FALSE),VLOOKUP($A21,NB_r!$A$2:$G$25,4,FALSE),D$20,TRUE) -> 0.78772413 | E21: =COUNTIF(INDEX($B$33:$Y$397,0,MATCH($A21,$B$32:$Y$32,0)),">="&E$20)/ROWS($A$33:$A$397) -> 0.85479452 | F21: =1-_xlfn.BETA.DIST(VLOOKUP($A21,NB_p!$A$2:$G$25,4,FALSE),VLOOKUP($A21,NB_r!$A$2:$G$25,4,FALSE),F$20,TRUE) -> 0.56708605 | G21: =COUNTIF(INDEX($B$33:$Y$397,0,MATCH($A21,$B$32:$Y$32,0)),">="&G$20)/ROWS($A$33:$A$397) -> 0.59452055 | H21: =1-_xlfn.BETA.DIST(VLOOKUP($A21,NB_p!$A$2:$G$25,4,FALSE),VLOOKUP($A21,NB_r!$A$2:$G$25,4,FALSE),H$20,TRUE) -> 0.35453811 | I21: =COUNTIF(INDEX($B$33:$Y$397,0,MATCH($A21,$B$32:$Y$32,0)),">="&I$20)/ROWS($A$33:$A$397) -> 0.31780822 | J21: =1-_xlfn.BETA.DIST(VLOOKUP($A21,NB_p!$A$2:$G$25,4,FALSE),VLOOKUP($A21,NB_r!$A$2:$G$25,4,FALSE),J$20,TRUE) -> 0.19656581 | K21: =COUNTIF(INDEX($B$33:$Y$397,0,MATCH($A21,$B$32:$Y$32,0)),">="&K$20)/ROWS($A$33:$A$397) -> 0.1369863 | L21: =1-_xlfn.BETA.DIST(VLOOKUP($A21,NB_p!$A$2:$G$25,4,FALSE),VLOOKUP($A21,NB_r!$A$2:$G$25,4,FALSE),L$20,TRUE) -> 0.09867126 | M21: =COUNTIF(INDEX($B$33:$Y$397,0,MATCH($A21,$B$32:$Y$32,0)),">="&M$20)/ROWS($A$33:$A$397) -> 0.052054795 | N21: =1-_xlfn.BETA.DIST(VLOOKUP($A21,NB_p!$A$2:$G$25,4,FALSE),VLOOKUP($A21,NB_r!$A$2:$G$25,4,FALSE),N$20,TRUE) -> 0.045631788 | O21: =COUNTIF(INDEX($B$33:$Y$397,0,MATCH($A21,$B$32:$Y$32,0)),">="&O$20)/ROWS($A$33:$A$397) -> 0.016438356
A22: 10 | B22: =1-_xlfn.BETA.DIST(VLOOKUP($A22,NB_p!$A$2:$G$25,4,FALSE),VLOOKUP($A22,NB_r!$A$2:$G$25,4,FALSE),B$20,TRUE) -> 0.97954596 | C22: =COUNTIF(INDEX($B$33:$Y$397,0,MATCH($A22,$B$32:$Y$32,0)),">="&C$20)/ROWS($A$33:$A$397) -> 0.98082192 | D22: =1-_xlfn.BETA.DIST(VLOOKUP($A22,NB_p!$A$2:$G$25,4,FALSE),VLOOKUP($A22,NB_r!$A$2:$G$25,4,FALSE),D$20,TRUE) -> 0.86605107 | E22: =COUNTIF(INDEX($B$33:$Y$397,0,MATCH($A22,$B$32:$Y$32,0)),">="&E$20)/ROWS($A$33:$A$397) -> 0.91506849 | F22: =1-_xlfn.BETA.DIST(VLOOKUP($A22,NB_p!$A$2:$G$25,4,FALSE),VLOOKUP($A22,NB_r!$A$2:$G$25,4,FALSE),F$20,TRUE) -> 0.62654568 | G22: =COUNTIF(INDEX($B$33:$Y$397,0,MATCH($A22,$B$32:$Y$32,0)),">="&G$20)/ROWS($A$33:$A$397) -> 0.64109589 | H22: =1-_xlfn.BETA.DIST(VLOOKUP($A22,NB_p!$A$2:$G$25,4,FALSE),VLOOKUP($A22,NB_r!$A$2:$G$25,4,FALSE),H$20,TRUE) -> 0.3581579 | I22: =COUNTIF(INDEX($B$33:$Y$397,0,MATCH($A22,$B$32:$Y$32,0)),">="&I$20)/ROWS($A$33:$A$397) -> 0.3260274 | J22: =1-_xlfn.BETA.DIST(VLOOKUP($A22,NB_p!$A$2:$G$25,4,FALSE),VLOOKUP($A22,NB_r!$A$2:$G$25,4,FALSE),J$20,TRUE) -> 0.16395618 | K22: =COUNTIF(INDEX($B$33:$Y$397,0,MATCH($A22,$B$32:$Y$32,0)),">="&K$20)/ROWS($A$33:$A$397) -> 0.13150685 | L22: =1-_xlfn.BETA.DIST(VLOOKUP($A22,NB_p!$A$2:$G$25,4,FALSE),VLOOKUP($A22,NB_r!$A$2:$G$25,4,FALSE),L$20,TRUE) -> 0.061888424 | M22: =COUNTIF(INDEX($B$33:$Y$397,0,MATCH($A22,$B$32:$Y$32,0)),">="&M$20)/ROWS($A$33:$A$397) -> 0.04109589 | N22: =1-_xlfn.BETA.DIST(VLOOKUP($A22,NB_p!$A$2:$G$25,4,FALSE),VLOOKUP($A22,NB_r!$A$2:$G$25,4,FALSE),N$20,TRUE) -> 0.019843231 | O22: =COUNTIF(INDEX($B$33:$Y$397,0,MATCH($A22,$B$32:$Y$32,0)),">="&O$20)/ROWS($A$33:$A$397) -> 0.021917808
A23: 11 | B23: =1-_xlfn.BETA.DIST(VLOOKUP($A23,NB_p!$A$2:$G$25,4,FALSE),VLOOKUP($A23,NB_r!$A$2:$G$25,4,FALSE),B$20,TRUE) -> 0.9863973 | C23: =COUNTIF(INDEX($B$33:$Y$397,0,MATCH($A23,$B$32:$Y$32,0)),">="&C$20)/ROWS($A$33:$A$397) -> 0.99178082 | D23: =1-_xlfn.BETA.DIST(VLOOKUP($A23,NB_p!$A$2:$G$25,4,FALSE),VLOOKUP($A23,NB_r!$A$2:$G$25,4,FALSE),D$20,TRUE) -> 0.89854885 | E23: =COUNTIF(INDEX($B$33:$Y$397,0,MATCH($A23,$B$32:$Y$32,0)),">="&E$20)/ROWS($A$33:$A$397) -> 0.9369863 | F23: =1-_xlfn.BETA.DIST(VLOOKUP($A23,NB_p!$A$2:$G$25,4,FALSE),VLOOKUP($A23,NB_r!$A$2:$G$25,4,FALSE),F$20,TRUE) -> 0.68732127 | G23: =COUNTIF(INDEX($B$33:$Y$397,0,MATCH($A23,$B$32:$Y$32,0)),">="&G$20)/ROWS($A$33:$A$397) -> 0.68767123 | H23: =1-_xlfn.BETA.DIST(VLOOKUP($A23,NB_p!$A$2:$G$25,4,FALSE),VLOOKUP($A23,NB_r!$A$2:$G$25,4,FALSE),H$20,TRUE) -> 0.42143284 | I23: =COUNTIF(INDEX($B$33:$Y$397,0,MATCH($A23,$B$32:$Y$32,0)),">="&I$20)/ROWS($A$33:$A$397) -> 0.38630137 | J23: =1-_xlfn.BETA.DIST(VLOOKUP($A23,NB_p!$A$2:$G$25,4,FALSE),VLOOKUP($A23,NB_r!$A$2:$G$25,4,FALSE),J$20,TRUE) -> 0.20787014 | K23: =COUNTIF(INDEX($B$33:$Y$397,0,MATCH($A23,$B$32:$Y$32,0)),">="&K$20)/ROWS($A$33:$A$397) -> 0.17534247 | L23: =1-_xlfn.BETA.DIST(VLOOKUP($A23,NB_p!$A$2:$G$25,4,FALSE),VLOOKUP($A23,NB_r!$A$2:$G$25,4,FALSE),L$20,TRUE) -> 0.084501027 | M23: =COUNTIF(INDEX($B$33:$Y$397,0,MATCH($A23,$B$32:$Y$32,0)),">="&M$20)/ROWS($A$33:$A$397) -> 0.068493151 | N23: =1-_xlfn.BETA.DIST(VLOOKUP($A23,NB_p!$A$2:$G$25,4,FALSE),VLOOKUP($A23,NB_r!$A$2:$G$25,4,FALSE),N$20,TRUE) -> 0.029101496 | O23: =COUNTIF(INDEX($B$33:$Y$397,0,MATCH($A23,$B$32:$Y$32,0)),">="&O$20)/ROWS($A$33:$A$397) -> 0.019178082
A24: 12 | B24: =1-_xlfn.BETA.DIST(VLOOKUP($A24,NB_p!$A$2:$G$25,4,FALSE),VLOOKUP($A24,NB_r!$A$2:$G$25,4,FALSE),B$20,TRUE) -> 0.89547679 | C24: =COUNTIF(INDEX($B$33:$Y$397,0,MATCH($A24,$B$32:$Y$32,0)),">="&C$20)/ROWS($A$33:$A$397) -> 0.9890411 | D24: =1-_xlfn.BETA.DIST(VLOOKUP($A24,NB_p!$A$2:$G$25,4,FALSE),VLOOKUP($A24,NB_r!$A$2:$G$25,4,FALSE),D$20,TRUE) -> 0.75511457 | E24: =COUNTIF(INDEX($B$33:$Y$397,0,MATCH($A24,$B$32:$Y$32,0)),">="&E$20)/ROWS($A$33:$A$397) -> 0.93972603 | F24: =1-_xlfn.BETA.DIST(VLOOKUP($A24,NB_p!$A$2:$G$25,4,FALSE),VLOOKUP($A24,NB_r!$A$2:$G$25,4,FALSE),F$20,TRUE) -> 0.59375513 | G24: =COUNTIF(INDEX($B$33:$Y$397,0,MATCH($A24,$B$32:$Y$32,0)),">="&G$20)/ROWS($A$33:$A$397) -> 0.72876712 | H24: =1-_xlfn.BETA.DIST(VLOOKUP($A24,NB_p!$A$2:$G$25,4,FALSE),VLOOKUP($A24,NB_r!$A$2:$G$25,4,FALSE),H$20,TRUE) -> 0.44112625 | I24: =COUNTIF(INDEX($B$33:$Y$397,0,MATCH($A24,$B$32:$Y$32,0)),">="&I$20)/ROWS($A$33:$A$397) -> 0.43013699 | J24: =1-_xlfn.BETA.DIST(VLOOKUP($A24,NB_p!$A$2:$G$25,4,FALSE),VLOOKUP($A24,NB_r!$A$2:$G$25,4,FALSE),J$20,TRUE) -> 0.31314921 | K24: =COUNTIF(INDEX($B$33:$Y$397,0,MATCH($A24,$B$32:$Y$32,0)),">="&K$20)/ROWS($A$33:$A$397) -> 0.2 | L24: =1-_xlfn.BETA.DIST(VLOOKUP($A24,NB_p!$A$2:$G$25,4,FALSE),VLOOKUP($A24,NB_r!$A$2:$G$25,4,FALSE),L$20,TRUE) -> 0.21427404 | M24: =COUNTIF(INDEX($B$33:$Y$397,0,MATCH($A24,$B$32:$Y$32,0)),">="&M$20)/ROWS($A$33:$A$397) -> 0.090410959 | N24: =1-_xlfn.BETA.DIST(VLOOKUP($A24,NB_p!$A$2:$G$25,4,FALSE),VLOOKUP($A24,NB_r!$A$2:$G$25,4,FALSE),N$20,TRUE) -> 0.14227288 | O24: =COUNTIF(INDEX($B$33:$Y$397,0,MATCH($A24,$B$32:$Y$32,0)),">="&O$20)/ROWS($A$33:$A$397) -> 0.030136986
A25: 13 | B25: =1-_xlfn.BETA.DIST(VLOOKUP($A25,NB_p!$A$2:$G$25,4,FALSE),VLOOKUP($A25,NB_r!$A$2:$G$25,4,FALSE),B$20,TRUE) -> 0.81729214 | C25: =COUNTIF(INDEX($B$33:$Y$397,0,MATCH($A25,$B$32:$Y$32,0)),">="&C$20)/ROWS($A$33:$A$397) -> 0.9890411 | D25: =1-_xlfn.BETA.DIST(VLOOKUP($A25,NB_p!$A$2:$G$25,4,FALSE),VLOOKUP($A25,NB_r!$A$2:$G$25,4,FALSE),D$20,TRUE) -> 0.67702193 | E25: =COUNTIF(INDEX($B$33:$Y$397,0,MATCH($A25,$B$32:$Y$32,0)),">="&E$20)/ROWS($A$33:$A$397) -> 0.91506849 | F25: =1-_xlfn.BETA.DIST(VLOOKUP($A25,NB_p!$A$2:$G$25,4,FALSE),VLOOKUP($A25,NB_r!$A$2:$G$25,4,FALSE),F$20,TRUE) -> 0.54214548 | G25: =COUNTIF(INDEX($B$33:$Y$397,0,MATCH($A25,$B$32:$Y$32,0)),">="&G$20)/ROWS($A$33:$A$397) -> 0.73424658 | H25: =1-_xlfn.BETA.DIST(VLOOKUP($A25,NB_p!$A$2:$G$25,4,FALSE),VLOOKUP($A25,NB_r!$A$2:$G$25,4,FALSE),H$20,TRUE) -> 0.42356929 | I25: =COUNTIF(INDEX($B$33:$Y$397,0,MATCH($A25,$B$32:$Y$32,0)),">="&I$20)/ROWS($A$33:$A$397) -> 0.47945205 | J25: =1-_xlfn.BETA.DIST(VLOOKUP($A25,NB_p!$A$2:$G$25,4,FALSE),VLOOKUP($A25,NB_r!$A$2:$G$25,4,FALSE),J$20,TRUE) -> 0.32479367 | K25: =COUNTIF(INDEX($B$33:$Y$397,0,MATCH($A25,$B$32:$Y$32,0)),">="&K$20)/ROWS($A$33:$A$397) -> 0.18356164 | L25: =1-_xlfn.BETA.DIST(VLOOKUP($A25,NB_p!$A$2:$G$25,4,FALSE),VLOOKUP($A25,NB_r!$A$2:$G$25,4,FALSE),L$20,TRUE) -> 0.24542414 | M25: =COUNTIF(INDEX($B$33:$Y$397,0,MATCH($A25,$B$32:$Y$32,0)),">="&M$20)/ROWS($A$33:$A$397) -> 0.071232877 | N25: =1-_xlfn.BETA.DIST(VLOOKUP($A25,NB_p!$A$2:$G$25,4,FALSE),VLOOKUP($A25,NB_r!$A$2:$G$25,4,FALSE),N$20,TRUE) -> 0.18327217 | O25: =COUNTIF(INDEX($B$33:$Y$397,0,MATCH($A25,$B$32:$Y$32,0)),">="&O$20)/ROWS($A$33:$A$397) -> 0.038356164
A26: 14 | B26: =1-_xlfn.BETA.DIST(VLOOKUP($A26,NB_p!$A$2:$G$25,4,FALSE),VLOOKUP($A26,NB_r!$A$2:$G$25,4,FALSE),B$20,TRUE) -> 0.81810774 | C26: =COUNTIF(INDEX($B$33:$Y$397,0,MATCH($A26,$B$32:$Y$32,0)),">="&C$20)/ROWS($A$33:$A$397) -> 1 | D26: =1-_xlfn.BETA.DIST(VLOOKUP($A26,NB_p!$A$2:$G$25,4,FALSE),VLOOKUP($A26,NB_r!$A$2:$G$25,4,FALSE),D$20,TRUE) -> 0.6805277 | E26: =COUNTIF(INDEX($B$33:$Y$397,0,MATCH($A26,$B$32:$Y$32,0)),">="&E$20)/ROWS($A$33:$A$397) -> 0.93972603 | F26: =1-_xlfn.BETA.DIST(VLOOKUP($A26,NB_p!$A$2:$G$25,4,FALSE),VLOOKUP($A26,NB_r!$A$2:$G$25,4,FALSE),F$20,TRUE) -> 0.54822958 | G26: =COUNTIF(INDEX($B$33:$Y$397,0,MATCH($A26,$B$32:$Y$32,0)),">="&G$20)/ROWS($A$33:$A$397) -> 0.73150685 | H26: =1-_xlfn.BETA.DIST(VLOOKUP($A26,NB_p!$A$2:$G$25,4,FALSE),VLOOKUP($A26,NB_r!$A$2:$G$25,4,FALSE),H$20,TRUE) -> 0.43148605 | I26: =COUNTIF(INDEX($B$33:$Y$397,0,MATCH($A26,$B$32:$Y$32,0)),">="&I$20)/ROWS($A$33:$A$397) -> 0.44657534 | J26: =1-_xlfn.BETA.DIST(VLOOKUP($A26,NB_p!$A$2:$G$25,4,FALSE),VLOOKUP($A26,NB_r!$A$2:$G$25,4,FALSE),J$20,TRUE) -> 0.33365454 | K26: =COUNTIF(INDEX($B$33:$Y$397,0,MATCH($A26,$B$32:$Y$32,0)),">="&K$20)/ROWS($A$33:$A$397) -> 0.1890411 | L26: =1-_xlfn.BETA.DIST(VLOOKUP($A26,NB_p!$A$2:$G$25,4,FALSE),VLOOKUP($A26,NB_r!$A$2:$G$25,4,FALSE),L$20,TRUE) -> 0.25445256 | M26: =COUNTIF(INDEX($B$33:$Y$397,0,MATCH($A26,$B$32:$Y$32,0)),">="&M$20)/ROWS($A$33:$A$397) -> 0.071232877 | N26: =1-_xlfn.BETA.DIST(VLOOKUP($A26,NB_p!$A$2:$G$25,4,FALSE),VLOOKUP($A26,NB_r!$A$2:$G$25,4,FALSE),N$20,TRUE) -> 0.19189702 | O26: =COUNTIF(INDEX($B$33:$Y$397,0,MATCH($A26,$B$32:$Y$32,0)),">="&O$20)/ROWS($A$33:$A$397) -> 0.04109589
A27: 15 | B27: =1-_xlfn.BETA.DIST(VLOOKUP($A27,NB_p!$A$2:$G$25,4,FALSE),VLOOKUP($A27,NB_r!$A$2:$G$25,4,FALSE),B$20,TRUE) -> 0.85152564 | C27: =COUNTIF(INDEX($B$33:$Y$397,0,MATCH($A27,$B$32:$Y$32,0)),">="&C$20)/ROWS($A$33:$A$397) -> 0.99726027 | D27: =1-_xlfn.BETA.DIST(VLOOKUP($A27,NB_p!$A$2:$G$25,4,FALSE),VLOOKUP($A27,NB_r!$A$2:$G$25,4,FALSE),D$20,TRUE) -> 0.7192148 | E27: =COUNTIF(INDEX($B$33:$Y$397,0,MATCH($A27,$B$32:$Y$32,0)),">="&E$20)/ROWS($A$33:$A$397) -> 0.91506849 | F27: =1-_xlfn.BETA.DIST(VLOOKUP($A27,NB_p!$A$2:$G$25,4,FALSE),VLOOKUP($A27,NB_r!$A$2:$G$25,4,FALSE),F$20,TRUE) -> 0.58445155 | G27: =COUNTIF(INDEX($B$33:$Y$397,0,MATCH($A27,$B$32:$Y$32,0)),">="&G$20)/ROWS($A$33:$A$397) -> 0.75616438 | H27: =1-_xlfn.BETA.DIST(VLOOKUP($A27,NB_p!$A$2:$G$25,4,FALSE),VLOOKUP($A27,NB_r!$A$2:$G$25,4,FALSE),H$20,TRUE) -> 0.46137799 | I27: =COUNTIF(INDEX($B$33:$Y$397,0,MATCH($A27,$B$32:$Y$32,0)),">="&I$20)/ROWS($A$33:$A$397) -> 0.52328767 | J27: =1-_xlfn.BETA.DIST(VLOOKUP($A27,NB_p!$A$2:$G$25,4,FALSE),VLOOKUP($A27,NB_r!$A$2:$G$25,4,FALSE),J$20,TRUE) -> 0.35615728 | K27: =COUNTIF(INDEX($B$33:$Y$397,0,MATCH($A27,$B$32:$Y$32,0)),">="&K$20)/ROWS($A$33:$A$397) -> 0.29315068 | L27: =1-_xlfn.BETA.DIST(VLOOKUP($A27,NB_p!$A$2:$G$25,4,FALSE),VLOOKUP($A27,NB_r!$A$2:$G$25,4,FALSE),L$20,TRUE) -> 0.27009271 | M27: =COUNTIF(INDEX($B$33:$Y$397,0,MATCH($A27,$B$32:$Y$32,0)),">="&M$20)/ROWS($A$33:$A$397) -> 0.12876712 | N27: =1-_xlfn.BETA.DIST(VLOOKUP($A27,NB_p!$A$2:$G$25,4,FALSE),VLOOKUP($A27,NB_r!$A$2:$G$25,4,FALSE),N$20,TRUE) -> 0.20189566 | O27: =COUNTIF(INDEX($B$33:$Y$397,0,MATCH($A27,$B$32:$Y$32,0)),">="&O$20)/ROWS($A$33:$A$397) -> 0.049315068
A28: 16 | B28: =1-_xlfn.BETA.DIST(VLOOKUP($A28,NB_p!$A$2:$G$25,4,FALSE),VLOOKUP($A28,NB_r!$A$2:$G$25,4,FALSE),B$20,TRUE) -> 0.87751561 | C28: =COUNTIF(INDEX($B$33:$Y$397,0,MATCH($A28,$B$32:$Y$32,0)),">="&C$20)/ROWS($A$33:$A$397) -> 0.99452055 | D28: =1-_xlfn.BETA.DIST(VLOOKUP($A28,NB_p!$A$2:$G$25,4,FALSE),VLOOKUP($A28,NB_r!$A$2:$G$25,4,FALSE),D$20,TRUE) -> 0.74908201 | E28: =COUNTIF(INDEX($B$33:$Y$397,0,MATCH($A28,$B$32:$Y$32,0)),">="&E$20)/ROWS($A$33:$A$397) -> 0.94246575 | F28: =1-_xlfn.BETA.DIST(VLOOKUP($A28,NB_p!$A$2:$G$25,4,FALSE),VLOOKUP($A28,NB_r!$A$2:$G$25,4,FALSE),F$20,TRUE) -> 0.6105484 | G28: =COUNTIF(INDEX($B$33:$Y$397,0,MATCH($A28,$B$32:$Y$32,0)),">="&G$20)/ROWS($A$33:$A$397) -> 0.80273973 | H28: =1-_xlfn.BETA.DIST(VLOOKUP($A28,NB_p!$A$2:$G$25,4,FALSE),VLOOKUP($A28,NB_r!$A$2:$G$25,4,FALSE),H$20,TRUE) -> 0.48009494 | I28: =COUNTIF(INDEX($B$33:$Y$397,0,MATCH($A28,$B$32:$Y$32,0)),">="&I$20)/ROWS($A$33:$A$397) -> 0.5369863 | J28: =1-_xlfn.BETA.DIST(VLOOKUP($A28,NB_p!$A$2:$G$25,4,FALSE),VLOOKUP($A28,NB_r!$A$2:$G$25,4,FALSE),J$20,TRUE) -> 0.36700099 | K28: =COUNTIF(INDEX($B$33:$Y$397,0,MATCH($A28,$B$32:$Y$32,0)),">="&K$20)/ROWS($A$33:$A$397) -> 0.29863014 | L28: =1-_xlfn.BETA.DIST(VLOOKUP($A28,NB_p!$A$2:$G$25,4,FALSE),VLOOKUP($A28,NB_r!$A$2:$G$25,4,FALSE),L$20,TRUE) -> 0.27426544 | M28: =COUNTIF(INDEX($B$33:$Y$397,0,MATCH($A28,$B$32:$Y$32,0)),">="&M$20)/ROWS($A$33:$A$397) -> 0.14246575 | N28: =1-_xlfn.BETA.DIST(VLOOKUP($A28,NB_p!$A$2:$G$25,4,FALSE),VLOOKUP($A28,NB_r!$A$2:$G$25,4,FALSE),N$20,TRUE) -> 0.20120773 | O28: =COUNTIF(INDEX($B$33:$Y$397,0,MATCH($A28,$B$32:$Y$32,0)),">="&O$20)/ROWS($A$33:$A$397) -> 0.052054795
A29: 17 | B29: =1-_xlfn.BETA.DIST(VLOOKUP($A29,NB_p!$A$2:$G$25,4,FALSE),VLOOKUP($A29,NB_r!$A$2:$G$25,4,FALSE),B$20,TRUE) -> 0.90234308 | C29: =COUNTIF(INDEX($B$33:$Y$397,0,MATCH($A29,$B$32:$Y$32,0)),">="&C$20)/ROWS($A$33:$A$397) -> 0.98630137 | D29: =1-_xlfn.BETA.DIST(VLOOKUP($A29,NB_p!$A$2:$G$25,4,FALSE),VLOOKUP($A29,NB_r!$A$2:$G$25,4,FALSE),D$20,TRUE) -> 0.78060565 | E29: =COUNTIF(INDEX($B$33:$Y$397,0,MATCH($A29,$B$32:$Y$32,0)),">="&E$20)/ROWS($A$33:$A$397) -> 0.93150685 | F29: =1-_xlfn.BETA.DIST(VLOOKUP($A29,NB_p!$A$2:$G$25,4,FALSE),VLOOKUP($A29,NB_r!$A$2:$G$25,4,FALSE),F$20,TRUE) -> 0.64005021 | G29: =COUNTIF(INDEX($B$33:$Y$397,0,MATCH($A29,$B$32:$Y$32,0)),">="&G$20)/ROWS($A$33:$A$397) -> 0.80821918 | H29: =1-_xlfn.BETA.DIST(VLOOKUP($A29,NB_p!$A$2:$G$25,4,FALSE),VLOOKUP($A29,NB_r!$A$2:$G$25,4,FALSE),H$20,TRUE) -> 0.50256887 | I29: =COUNTIF(INDEX($B$33:$Y$397,0,MATCH($A29,$B$32:$Y$32,0)),">="&I$20)/ROWS($A$33:$A$397) -> 0.54520548 | J29: =1-_xlfn.BETA.DIST(VLOOKUP($A29,NB_p!$A$2:$G$25,4,FALSE),VLOOKUP($A29,NB_r!$A$2:$G$25,4,FALSE),J$20,TRUE) -> 0.38111026 | K29: =COUNTIF(INDEX($B$33:$Y$397,0,MATCH($A29,$B$32:$Y$32,0)),">="&K$20)/ROWS($A$33:$A$397) -> 0.34520548 | L29: =1-_xlfn.BETA.DIST(VLOOKUP($A29,NB_p!$A$2:$G$25,4,FALSE),VLOOKUP($A29,NB_r!$A$2:$G$25,4,FALSE),L$20,TRUE) -> 0.28094535 | M29: =COUNTIF(INDEX($B$33:$Y$397,0,MATCH($A29,$B$32:$Y$32,0)),">="&M$20)/ROWS($A$33:$A$397) -> 0.16164384 | N29: =1-_xlfn.BETA.DIST(VLOOKUP($A29,NB_p!$A$2:$G$25,4,FALSE),VLOOKUP($A29,NB_r!$A$2:$G$25,4,FALSE),N$20,TRUE) -> 0.20234266 | O29: =COUNTIF(INDEX($B$33:$Y$397,0,MATCH($A29,$B$32:$Y$32,0)),">="&O$20)/ROWS($A$33:$A$397) -> 0.084931507
A30: 18 | B30: =1-_xlfn.BETA.DIST(VLOOKUP($A30,NB_p!$A$2:$G$25,4,FALSE),VLOOKUP($A30,NB_r!$A$2:$G$25,4,FALSE),B$20,TRUE) -> 0.90330716 | C30: =COUNTIF(INDEX($B$33:$Y$397,0,MATCH($A30,$B$32:$Y$32,0)),">="&C$20)/ROWS($A$33:$A$397) -> 0.98630137 | D30: =1-_xlfn.BETA.DIST(VLOOKUP($A30,NB_p!$A$2:$G$25,4,FALSE),VLOOKUP($A30,NB_r!$A$2:$G$25,4,FALSE),D$20,TRUE) -> 0.750311 | E30: =COUNTIF(INDEX($B$33:$Y$397,0,MATCH($A30,$B$32:$Y$32,0)),">="&E$20)/ROWS($A$33:$A$397) -> 0.88767123 | F30: =1-_xlfn.BETA.DIST(VLOOKUP($A30,NB_p!$A$2:$G$25,4,FALSE),VLOOKUP($A30,NB_r!$A$2:$G$25,4,FALSE),F$20,TRUE) -> 0.56795885 | G30: =COUNTIF(INDEX($B$33:$Y$397,0,MATCH($A30,$B$32:$Y$32,0)),">="&G$20)/ROWS($A$33:$A$397) -> 0.63835616 | H30: =1-_xlfn.BETA.DIST(VLOOKUP($A30,NB_p!$A$2:$G$25,4,FALSE),VLOOKUP($A30,NB_r!$A$2:$G$25,4,FALSE),H$20,TRUE) -> 0.39785468 | I30: =COUNTIF(INDEX($B$33:$Y$397,0,MATCH($A30,$B$32:$Y$32,0)),">="&I$20)/ROWS($A$33:$A$397) -> 0.37534247 | J30: =1-_xlfn.BETA.DIST(VLOOKUP($A30,NB_p!$A$2:$G$25,4,FALSE),VLOOKUP($A30,NB_r!$A$2:$G$25,4,FALSE),J$20,TRUE) -> 0.26173036 | K30: =COUNTIF(INDEX($B$33:$Y$397,0,MATCH($A30,$B$32:$Y$32,0)),">="&K$20)/ROWS($A$33:$A$397) -> 0.14794521 | L30: =1-_xlfn.BETA.DIST(VLOOKUP($A30,NB_p!$A$2:$G$25,4,FALSE),VLOOKUP($A30,NB_r!$A$2:$G$25,4,FALSE),L$20,TRUE) -> 0.16364168 | M30: =COUNTIF(INDEX($B$33:$Y$397,0,MATCH($A30,$B$32:$Y$32,0)),">="&M$20)/ROWS($A$33:$A$397) -> 0.052054795 | N30: =1-_xlfn.BETA.DIST(VLOOKUP($A30,NB_p!$A$2:$G$25,4,FALSE),VLOOKUP($A30,NB_r!$A$2:$G$25,4,FALSE),N$20,TRUE) -> 0.098146592 | O30: =COUNTIF(INDEX($B$33:$Y$397,0,MATCH($A30,$B$32:$Y$32,0)),">="&O$20)/ROWS($A$33:$A$397) -> 0.024657534
A32: Hour | B32: 0 | C32: 1 | D32: 2 | E32: 3 | F32: 4 | G32: 5 | H32: 6 | I32: 7 | J32: 8 | K32: 9 | L32: 10 | M32: 11 | N32: 12 | O32: 13 | P32: 14 | Q32: 15 | R32: 16 | S32: 17 | T32: 18 | U32: 19 | V32: 20 | W32: 21 | X32: 22 | Y32: 23
A33: 43101 | B33: 18 | C33: 13 | D33: 21 | E33: 14 | F33: 13 | G33: 8 | H33: 6 | I33: 10 | J33: 17 | K33: 11 | L33: 16 | M33: 18 | N33: 20 | O33: 22 | P33: 42 | Q33: 21 | R33: 20 | S33: 17 | T33: 22 | U33: 16 | V33: 18 | W33: 15 | X33: 13 | Y33: 4
A34: 43102 | B34: 9 | C34: 6 | D34: 6 | E34: 4 | F34: 8 | G34: 15 | H34: 18 | I34: 25 | J34: 40 | K34: 16 | L34: 34 | M34: 29 | N34: 24 | O34: 26 | P34: 29 | Q34: 38 | R34: 30 | S34: 29 | T34: 30 | U34: 20 | V34: 15 | W34: 14 | X34: 13 | Y34: 15
A35: 43103 | B35: 3 | C35: 15 | D35: 3 | E35: 7 | F35: 2 | G35: 11 | H35: 13 | I35: 30 | J35: 72 | K35: 29 | L35: 20 | M35: 32 | N35: 35 | O35: 36 | P35: 38 | Q35: 39 | R35: 19 | S35: 26 | T35: 34 | U35: 32 | V35: 23 | W35: 16 | X35: 13 | Y35: 9
A36: 43104 | B36: 11 | C36: 4 | D36: 10 | E36: 12 | F36: 7 | G36: 19 | H36: 23 | I36: 45 | J36: 46 | K36: 52 | L36: 42 | M36: 63 | N36: 58 | O36: 37 | P36: 28 | Q36: 31 | R36: 20 | S36: 22 | T36: 16 | U36: 8 | V36: 15 | W36: 10 | X36: 9 | Y36: 7
A37: 43105 | B37: 9 | C37: 7 | D37: 6 | E37: 10 | F37: 14 | G37: 15 | H37: 16 | I37: 21 | J37: 30 | K37: 33 | L37: 49 | M37: 37 | N37: 23 | O37: 42 | P37: 48 | Q37: 44 | R37: 39 | S37: 50 | T37: 18 | U37: 21 | V37: 26 | W37: 26 | X37: 19 | Y37: 9
A38: 43106 | B38: 14 | C38: 9 | D38: 2 | E38: 5 | F38: 12 | G38: 12 | H38: 13 | I38: 16 | J38: 23 | K38: 25 | L38: 17 | M38: 31 | N38: 31 | O38: 28 | P38: 25 | Q38: 35 | R38: 37 | S38: 27 | T38: 24 | U38: 18 | V38: 27 | W38: 17 | X38: 13 | Y38: 20
A39: 43107 | B39: 6 | C39: 5 | D39: 12 | E39: 7 | F39: 8 | G39: 5 | H39: 10 | I39: 11 | J39: 12 | K39: 21 | L39: 21 | M39: 37 | N39: 39 | O39: 25 | P39: 21 | Q39: 30 | R39: 23 | S39: 25 | T39: 22 | U39: 23 | V39: 18 | W39: 12 | X39: 13 | Y39: 14
A40: 43108 | B40: 11 | C40: 5 | D40: 2 | E40: 6 | F40: 5 | G40: 3 | H40: 17 | I40: 27 | J40: 34 | K40: 34 | L40: 27 | M40: 26 | N40: 33 | O40: 43 | P40: 25 | Q40: 32 | R40: 35 | S40: 21 | T40: 28 | U40: 22 | V40: 11 | W40: 6 | X40: 14 | Y40: 12
A41: 43109 | B41: 7 | C41: 7 | D41: 3 | E41: 8 | F41: 11 | G41: 15 | H41: 11 | I41: 16 | J41: 25 | K41: 37 | L41: 33 | M41: 31 | N41: 30 | O41: 35 | P41: 18 | Q41: 14 | R41: 37 | S41: 34 | T41: 34 | U41: 30 | V41: 17 | W41: 10 | X41: 14 | Y41: 14
A42: 43110 | B42: 6 | C42: 9 | D42: 7 | E42: 2 | F42: 5 | G42: 11 | H42: 10 | I42: 33 | J42: 53 | K42: 37 | L42: 26 | M42: 26 | N42: 30 | O42: 20 | P42: 25 | Q42: 27 | R42: 14 | S42: 30 | T42: 29 | U42: 27 | V42: 19 | W42: 10 | X42: 14 | Y42: 11
A43: 43111 | B43: 2 | C43: 6 | D43: 4 | E43: 5 | F43: 6 | G43: 10 | H43: 17 | I43: 25 | J43: 20 | K43: 19 | L43: 16 | M43: 16 | N43: 23 | O43: 15 | P43: 18 | Q43: 30 | R43: 24 | S43: 37 | T43: 22 | U43: 31 | V43: 14 | W43: 15 | X43: 6 | Y43: 3
A44: 43112 | B44: 12 | C44: 6 | D44: 11 | E44: 6 | F44: 10 | G44: 9 | H44: 31 | I44: 23 | J44: 24 | K44: 35 | L44: 25 | M44: 37 | N44: 36 | O44: 40 | P44: 43 | Q44: 31 | R44: 27 | S44: 44 | T44: 37 | U44: 44 | V44: 21 | W44: 21 | X44: 19 | Y44: 16
... A397: 43465 | B397: 3 | C397: 7 | D397: 8 | E397: 6 | F397: 5 | G397: 5 | H397: 10 | I397: 13 | J397: 14 | K397: 18 | L397: 22 | M397: 20 | N397: 36 | O397: 17 | P397: 23 | Q397: 15 | R397: 32 | S397: 21 | T397: 26 | U397: 24 | V397: 18 | W397: 25 | X397: 23 | Y397: 20

Sheet 2017
B1: NG_P(X≥3) | C1: Actual_P(X≥3) | D1: NG_P(X≥6) | E1: Actual_P(X≥6) | F1: NG_P(X≥9) | G1: Actual_P(X≥9) | H1: NG_P(X≥12) | I1: Actual_P(X≥12) | J1: NG_P(X≥15) | K1: Actual_P(X≥15)
A2: Low_frequency_hour | B2: 3 | C2: 3 | D2: 6 | E2: 6 | F2: 9 | G2: 9 | H2: 12 | I2: 12 | J2: 15 | K2: 15
A3: 0 | B3: =1-_xlfn.BETA.DIST(VLOOKUP($A3,NB_p!$A$2:$G$25,5,FALSE),VLOOKUP($A3,NB_r!$A$2:$G$25,5,FALSE),B$2,TRUE) -> 0.96245453 | C3: =COUNTIF(INDEX($B$33:$Y$397,0,MATCH($A3,$B$32:$Y$32,0)),">="&C$2)/ROWS($A$33:$A$397) -> 0.96986301 | D3: =1-_xlfn.BETA.DIST(VLOOKUP($A3,NB_p!$A$2:$G$25,5,FALSE),VLOOKUP($A3,NB_r!$A$2:$G$25,5,FALSE),D$2,TRUE) -> 0.72455531 | E3: =COUNTIF(INDEX($B$33:$Y$397,0,MATCH($A3,$B$32:$Y$32,0)),">="&E$2)/ROWS($A$33:$A$397) -> 0.72876712 | F3: =1-_xlfn.BETA.DIST(VLOOKUP($A3,NB_p!$A$2:$G$25,5,FALSE),VLOOKUP($A3,NB_r!$A$2:$G$25,5,FALSE),F$2,TRUE) -> 0.36742139 | G3: =COUNTIF(INDEX($B$33:$Y$397,0,MATCH($A3,$B$32:$Y$32,0)),">="&G$2)/ROWS($A$33:$A$397) -> 0.34794521 | H3: =1-_xlfn.BETA.DIST(VLOOKUP($A3,NB_p!$A$2:$G$25,5,FALSE),VLOOKUP($A3,NB_r!$A$2:$G$25,5,FALSE),H$2,TRUE) -> 0.12790094 | I3: =COUNTIF(INDEX($B$33:$Y$397,0,MATCH($A3,$B$32:$Y$32,0)),">="&I$2)/ROWS($A$33:$A$397) -> 0.1260274 | J3: =1-_xlfn.BETA.DIST(VLOOKUP($A3,NB_p!$A$2:$G$25,5,FALSE),VLOOKUP($A3,NB_r!$A$2:$G$25,5,FALSE),J$2,TRUE) -> 0.032693725 | K3: =COUNTIF(INDEX($B$33:$Y$397,0,MATCH($A3,$B$32:$Y$32,0)),">="&K$2)/ROWS($A$33:$A$397) -> 0.04109589
A4: 1 | B4: =1-_xlfn.BETA.DIST(VLOOKUP($A4,NB_p!$A$2:$G$25,5,FALSE),VLOOKUP($A4,NB_r!$A$2:$G$25,5,FALSE),B$2,TRUE) -> 0.92262738 | C4: =COUNTIF(INDEX($B$33:$Y$397,0,MATCH($A4,$B$32:$Y$32,0)),">="&C$2)/ROWS($A$33:$A$397) -> 0.93424658 | D4: =1-_xlfn.BETA.DIST(VLOOKUP($A4,NB_p!$A$2:$G$25,5,FALSE),VLOOKUP($A4,NB_r!$A$2:$G$25,5,FALSE),D$2,TRUE) -> 0.60852438 | E4: =COUNTIF(INDEX($B$33:$Y$397,0,MATCH($A4,$B$32:$Y$32,0)),">="&E$2)/ROWS($A$33:$A$397) -> 0.60547945 | F4: =1-_xlfn.BETA.DIST(VLOOKUP($A4,NB_p!$A$2:$G$25,5,FALSE),VLOOKUP($A4,NB_r!$A$2:$G$25,5,FALSE),F$2,TRUE) -> 0.26956524 | G4: =COUNTIF(INDEX($B$33:$Y$397,0,MATCH($A4,$B$32:$Y$32,0)),">="&G$2)/ROWS($A$33:$A$397) -> 0.25753425 | H4: =1-_xlfn.BETA.DIST(VLOOKUP($A4,NB_p!$A$2:$G$25,5,FALSE),VLOOKUP($A4,NB_r!$A$2:$G$25,5,FALSE),H$2,TRUE) -> 0.08629667 | I4: =COUNTIF(INDEX($B$33:$Y$397,0,MATCH($A4,$B$32:$Y$32,0)),">="&I$2)/ROWS($A$33:$A$397) -> 0.076712329 | J4: =1-_xlfn.BETA.DIST(VLOOKUP($A4,NB_p!$A$2:$G$25,5,FALSE),VLOOKUP($A4,NB_r!$A$2:$G$25,5,FALSE),J$2,TRUE) -> 0.021577681 | K4: =COUNTIF(INDEX($B$33:$Y$397,0,MATCH($A4,$B$32:$Y$32,0)),">="&K$2)/ROWS($A$33:$A$397) -> 0.021917808
A5: 2 | B5: =1-_xlfn.BETA.DIST(VLOOKUP($A5,NB_p!$A$2:$G$25,5,FALSE),VLOOKUP($A5,NB_r!$A$2:$G$25,5,FALSE),B$2,TRUE) -> 0.88691051 | C5: =COUNTIF(INDEX($B$33:$Y$397,0,MATCH($A5,$B$32:$Y$32,0)),">="&C$2)/ROWS($A$33:$A$397) -> 0.89315068 | D5: =1-_xlfn.BETA.DIST(VLOOKUP($A5,NB_p!$A$2:$G$25,5,FALSE),VLOOKUP($A5,NB_r!$A$2:$G$25,5,FALSE),D$2,TRUE) -> 0.55493952 | E5: =COUNTIF(INDEX($B$33:$Y$397,0,MATCH($A5,$B$32:$Y$32,0)),">="&E$2)/ROWS($A$33:$A$397) -> 0.55068493 | F5: =1-_xlfn.BETA.DIST(VLOOKUP($A5,NB_p!$A$2:$G$25,5,FALSE),VLOOKUP($A5,NB_r!$A$2:$G$25,5,FALSE),F$2,TRUE) -> 0.24972256 | G5: =COUNTIF(INDEX($B$33:$Y$397,0,MATCH($A5,$B$32:$Y$32,0)),">="&G$2)/ROWS($A$33:$A$397) -> 0.23561644 | H5: =1-_xlfn.BETA.DIST(VLOOKUP($A5,NB_p!$A$2:$G$25,5,FALSE),VLOOKUP($A5,NB_r!$A$2:$G$25,5,FALSE),H$2,TRUE) -> 0.088108967 | I5: =COUNTIF(INDEX($B$33:$Y$397,0,MATCH($A5,$B$32:$Y$32,0)),">="&I$2)/ROWS($A$33:$A$397) -> 0.087671233 | J5: =1-_xlfn.BETA.DIST(VLOOKUP($A5,NB_p!$A$2:$G$25,5,FALSE),VLOOKUP($A5,NB_r!$A$2:$G$25,5,FALSE),J$2,TRUE) -> 0.026061776 | K5: =COUNTIF(INDEX($B$33:$Y$397,0,MATCH($A5,$B$32:$Y$32,0)),">="&K$2)/ROWS($A$33:$A$397) -> 0.030136986
A6: 3 | B6: =1-_xlfn.BETA.DIST(VLOOKUP($A6,NB_p!$A$2:$G$25,5,FALSE),VLOOKUP($A6,NB_r!$A$2:$G$25,5,FALSE),B$2,TRUE) -> 0.87526314 | C6: =COUNTIF(INDEX($B$33:$Y$397,0,MATCH($A6,$B$32:$Y$32,0)),">="&C$2)/ROWS($A$33:$A$397) -> 0.84657534 | D6: =1-_xlfn.BETA.DIST(VLOOKUP($A6,NB_p!$A$2:$G$25,5,FALSE),VLOOKUP($A6,NB_r!$A$2:$G$25,5,FALSE),D$2,TRUE) -> 0.45488469 | E6: =COUNTIF(INDEX($B$33:$Y$397,0,MATCH($A6,$B$32:$Y$32,0)),">="&E$2)/ROWS($A$33:$A$397) -> 0.4630137 | F6: =1-_xlfn.BETA.DIST(VLOOKUP($A6,NB_p!$A$2:$G$25,5,FALSE),VLOOKUP($A6,NB_r!$A$2:$G$25,5,FALSE),F$2,TRUE) -> 0.13322554 | G6: =COUNTIF(INDEX($B$33:$Y$397,0,MATCH($A6,$B$32:$Y$32,0)),">="&G$2)/ROWS($A$33:$A$397) -> 0.11780822 | H6: =1-_xlfn.BETA.DIST(VLOOKUP($A6,NB_p!$A$2:$G$25,5,FALSE),VLOOKUP($A6,NB_r!$A$2:$G$25,5,FALSE),H$2,TRUE) -> 0.024871166 | I6: =COUNTIF(INDEX($B$33:$Y$397,0,MATCH($A6,$B$32:$Y$32,0)),">="&I$2)/ROWS($A$33:$A$397) -> 0.02739726 | J6: =1-_xlfn.BETA.DIST(VLOOKUP($A6,NB_p!$A$2:$G$25,5,FALSE),VLOOKUP($A6,NB_r!$A$2:$G$25,5,FALSE),J$2,TRUE) -> 0.0033087639 | K6: =COUNTIF(INDEX($B$33:$Y$397,0,MATCH($A6,$B$32:$Y$32,0)),">="&K$2)/ROWS($A$33:$A$397) -> 0
A7: 4 | B7: =1-_xlfn.BETA.DIST(VLOOKUP($A7,NB_p!$A$2:$G$25,5,FALSE),VLOOKUP($A7,NB_r!$A$2:$G$25,5,FALSE),B$2,TRUE) -> 0.8233906 | C7: =COUNTIF(INDEX($B$33:$Y$397,0,MATCH($A7,$B$32:$Y$32,0)),">="&C$2)/ROWS($A$33:$A$397) -> 0.85205479 | D7: =1-_xlfn.BETA.DIST(VLOOKUP($A7,NB_p!$A$2:$G$25,5,FALSE),VLOOKUP($A7,NB_r!$A$2:$G$25,5,FALSE),D$2,TRUE) -> 0.41661074 | E7: =COUNTIF(INDEX($B$33:$Y$397,0,MATCH($A7,$B$32:$Y$32,0)),">="&E$2)/ROWS($A$33:$A$397) -> 0.40547945 | F7: =1-_xlfn.BETA.DIST(VLOOKUP($A7,NB_p!$A$2:$G$25,5,FALSE),VLOOKUP($A7,NB_r!$A$2:$G$25,5,FALSE),F$2,TRUE) -> 0.14016641 | G7: =COUNTIF(INDEX($B$33:$Y$397,0,MATCH($A7,$B$32:$Y$32,0)),">="&G$2)/ROWS($A$33:$A$397) -> 0.10136986 | H7: =1-_xlfn.BETA.DIST(VLOOKUP($A7,NB_p!$A$2:$G$25,5,FALSE),VLOOKUP($A7,NB_r!$A$2:$G$25,5,FALSE),H$2,TRUE) -> 0.035500994 | I7: =COUNTIF(INDEX($B$33:$Y$397,0,MATCH($A7,$B$32:$Y$32,0)),">="&I$2)/ROWS($A$33:$A$397) -> 0.038356164 | J7: =1-_xlfn.BETA.DIST(VLOOKUP($A7,NB_p!$A$2:$G$25,5,FALSE),VLOOKUP($A7,NB_r!$A$2:$G$25,5,FALSE),J$2,TRUE) -> 0.0073607768 | K7: =COUNTIF(INDEX($B$33:$Y$397,0,MATCH($A7,$B$32:$Y$32,0)),">="&K$2)/ROWS($A$33:$A$397) -> 0.0054794521
A8: 5 | B8: =1-_xlfn.BETA.DIST(VLOOKUP($A8,NB_p!$A$2:$G$25,5,FALSE),VLOOKUP($A8,NB_r!$A$2:$G$25,5,FALSE),B$2,TRUE) -> 0.89669647 | C8: =COUNTIF(INDEX($B$33:$Y$397,0,MATCH($A8,$B$32:$Y$32,0)),">="&C$2)/ROWS($A$33:$A$397) -> 0.93972603 | D8: =1-_xlfn.BETA.DIST(VLOOKUP($A8,NB_p!$A$2:$G$25,5,FALSE),VLOOKUP($A8,NB_r!$A$2:$G$25,5,FALSE),D$2,TRUE) -> 0.59065971 | E8: =COUNTIF(INDEX($B$33:$Y$397,0,MATCH($A8,$B$32:$Y$32,0)),">="&E$2)/ROWS($A$33:$A$397) -> 0.58356164 | F8: =1-_xlfn.BETA.DIST(VLOOKUP($A8,NB_p!$A$2:$G$25,5,FALSE),VLOOKUP($A8,NB_r!$A$2:$G$25,5,FALSE),F$2,TRUE) -> 0.29105609 | G8: =COUNTIF(INDEX($B$33:$Y$397,0,MATCH($A8,$B$32:$Y$32,0)),">="&G$2)/ROWS($A$33:$A$397) -> 0.25205479 | H8: =1-_xlfn.BETA.DIST(VLOOKUP($A8,NB_p!$A$2:$G$25,5,FALSE),VLOOKUP($A8,NB_r!$A$2:$G$25,5,FALSE),H$2,TRUE) -> 0.11568352 | I8: =COUNTIF(INDEX($B$33:$Y$397,0,MATCH($A8,$B$32:$Y$32,0)),">="&I$2)/ROWS($A$33:$A$397) -> 0.087671233 | J8: =1-_xlfn.BETA.DIST(VLOOKUP($A8,NB_p!$A$2:$G$25,5,FALSE),VLOOKUP($A8,NB_r!$A$2:$G$25,5,FALSE),J$2,TRUE) -> 0.039330495 | K8: =COUNTIF(INDEX($B$33:$Y$397,0,MATCH($A8,$B$32:$Y$32,0)),">="&K$2)/ROWS($A$33:$A$397) -> 0.032876712
A9: 6 | B9: =1-_xlfn.BETA.DIST(VLOOKUP($A9,NB_p!$A$2:$G$25,5,FALSE),VLOOKUP($A9,NB_r!$A$2:$G$25,5,FALSE),B$2,TRUE) -> 0.95850862 | C9: =COUNTIF(INDEX($B$33:$Y$397,0,MATCH($A9,$B$32:$Y$32,0)),">="&C$2)/ROWS($A$33:$A$397) -> 0.97808219 | D9: =1-_xlfn.BETA.DIST(VLOOKUP($A9,NB_p!$A$2:$G$25,5,FALSE),VLOOKUP($A9,NB_r!$A$2:$G$25,5,FALSE),D$2,TRUE) -> 0.79990373 | E9: =COUNTIF(INDEX($B$33:$Y$397,0,MATCH($A9,$B$32:$Y$32,0)),">="&E$2)/ROWS($A$33:$A$397) -> 0.85753425 | F9: =1-_xlfn.BETA.DIST(VLOOKUP($A9,NB_p!$A$2:$G$25,5,FALSE),VLOOKUP($A9,NB_r!$A$2:$G$25,5,FALSE),F$2,TRUE) -> 0.57140522 | G9: =COUNTIF(INDEX($B$33:$Y$397,0,MATCH($A9,$B$32:$Y$32,0)),">="&G$2)/ROWS($A$33:$A$397) -> 0.57808219 | H9: =1-_xlfn.BETA.DIST(VLOOKUP($A9,NB_p!$A$2:$G$25,5,FALSE),VLOOKUP($A9,NB_r!$A$2:$G$25,5,FALSE),H$2,TRUE) -> 0.35838144 | I9: =COUNTIF(INDEX($B$33:$Y$397,0,MATCH($A9,$B$32:$Y$32,0)),">="&I$2)/ROWS($A$33:$A$397) -> 0.31780822 | J9: =1-_xlfn.BETA.DIST(VLOOKUP($A9,NB_p!$A$2:$G$25,5,FALSE),VLOOKUP($A9,NB_r!$A$2:$G$25,5,FALSE),J$2,TRUE) -> 0.20302528 | K9: =COUNTIF(INDEX($B$33:$Y$397,0,MATCH($A9,$B$32:$Y$32,0)),">="&K$2)/ROWS($A$33:$A$397) -> 0.16164384
A10: 23 | B10: =1-_xlfn.BETA.DIST(VLOOKUP($A10,NB_p!$A$2:$G$25,5,FALSE),VLOOKUP($A10,NB_r!$A$2:$G$25,5,FALSE),B$2,TRUE) -> 0.9792927 | C10: =COUNTIF(INDEX($B$33:$Y$397,0,MATCH($A10,$B$32:$Y$32,0)),">="&C$2)/ROWS($A$33:$A$397) -> 1 | D10: =1-_xlfn.BETA.DIST(VLOOKUP($A10,NB_p!$A$2:$G$25,5,FALSE),VLOOKUP($A10,NB_r!$A$2:$G$25,5,FALSE),D$2,TRUE) -> 0.83774512 | E10: =COUNTIF(INDEX($B$33:$Y$397,0,MATCH($A10,$B$32:$Y$32,0)),">="&E$2)/ROWS($A$33:$A$397) -> 0.84383562 | F10: =1-_xlfn.BETA.DIST(VLOOKUP($A10,NB_p!$A$2:$G$25,5,FALSE),VLOOKUP($A10,NB_r!$A$2:$G$25,5,FALSE),F$2,TRUE) -> 0.56770797 | G10: =COUNTIF(INDEX($B$33:$Y$397,0,MATCH($A10,$B$32:$Y$32,0)),">="&G$2)/ROWS($A$33:$A$397) -> 0.59452055 | H10: =1-_xlfn.BETA.DIST(VLOOKUP($A10,NB_p!$A$2:$G$25,5,FALSE),VLOOKUP($A10,NB_r!$A$2:$G$25,5,FALSE),H$2,TRUE) -> 0.30351741 | I10: =COUNTIF(INDEX($B$33:$Y$397,0,MATCH($A10,$B$32:$Y$32,0)),">="&I$2)/ROWS($A$33:$A$397) -> 0.26849315 | J10: =1-_xlfn.BETA.DIST(VLOOKUP($A10,NB_p!$A$2:$G$25,5,FALSE),VLOOKUP($A10,NB_r!$A$2:$G$25,5,FALSE),J$2,TRUE) -> 0.13258216 | K10: =COUNTIF(INDEX($B$33:$Y$397,0,MATCH($A10,$B$32:$Y$32,0)),">="&K$2)/ROWS($A$33:$A$397) -> 0.098630137
B11: NG_P(X≥5) | C11: Actual_P(X≥5) | D11: NG_P(X≥10) | E11: Actual_P(X≥10) | F11: NG_P(X≥15) | G11: Actual_P(X≥15) | H11: NG_P(X≥20) | I11: Actual_P(X≥20) | J11: NG_P(X≥25) | K11: Actual_P(X≥25) | L11: NG_P(X≥30) | M11: Actual_P(X≥30)
A12: Mid_frequency_hour | B12: 5 | C12: 5 | D12: 10 | E12: 10 | F12: 15 | G12: 15 | H12: 20 | I12: 20 | J12: 25 | K12: 25 | L12: 30 | M12: 30
A13: 7 | B13: =1-_xlfn.BETA.DIST(VLOOKUP($A13,NB_p!$A$2:$G$25,5,FALSE),VLOOKUP($A13,NB_r!$A$2:$G$25,5,FALSE),B$12,TRUE) -> 0.97362886 | C13: =COUNTIF(INDEX($B$33:$Y$397,0,MATCH($A13,$B$32:$Y$32,0)),">="&C$12)/ROWS($A$33:$A$397) -> 0.98082192 | D13: =1-_xlfn.BETA.DIST(VLOOKUP($A13,NB_p!$A$2:$G$25,5,FALSE),VLOOKUP($A13,NB_r!$A$2:$G$25,5,FALSE),D$12,TRUE) -> 0.80506004 | E13: =COUNTIF(INDEX($B$33:$Y$397,0,MATCH($A13,$B$32:$Y$32,0)),">="&E$12)/ROWS($A$33:$A$397) -> 0.8 | F13: =1-_xlfn.BETA.DIST(VLOOKUP($A13,NB_p!$A$2:$G$25,5,FALSE),VLOOKUP($A13,NB_r!$A$2:$G$25,5,FALSE),F$12,TRUE) -> 0.52536493 | G13: =COUNTIF(INDEX($B$33:$Y$397,0,MATCH($A13,$B$32:$Y$32,0)),">="&G$12)/ROWS($A$33:$A$397) -> 0.55890411 | H13: =1-_xlfn.BETA.DIST(VLOOKUP($A13,NB_p!$A$2:$G$25,5,FALSE),VLOOKUP($A13,NB_r!$A$2:$G$25,5,FALSE),H$12,TRUE) -> 0.2780543 | I13: =COUNTIF(INDEX($B$33:$Y$397,0,MATCH($A13,$B$32:$Y$32,0)),">="&I$12)/ROWS($A$33:$A$397) -> 0.2739726 | J13: =1-_xlfn.BETA.DIST(VLOOKUP($A13,NB_p!$A$2:$G$25,5,FALSE),VLOOKUP($A13,NB_r!$A$2:$G$25,5,FALSE),J$12,TRUE) -> 0.1249638 | K13: =COUNTIF(INDEX($B$33:$Y$397,0,MATCH($A13,$B$32:$Y$32,0)),">="&K$12)/ROWS($A$33:$A$397) -> 0.12328767 | L13: =1-_xlfn.BETA.DIST(VLOOKUP($A13,NB_p!$A$2:$G$25,5,FALSE),VLOOKUP($A13,NB_r!$A$2:$G$25,5,FALSE),L$12,TRUE) -> 0.049532321 | M13: =COUNTIF(INDEX($B$33:$Y$397,0,MATCH($A13,$B$32:$Y$32,0)),">="&M$12)/ROWS($A$33:$A$397) -> 0.032876712
A14: 8 | B14: =1-_xlfn.BETA.DIST(VLOOKUP($A14,NB_p!$A$2:$G$25,5,FALSE),VLOOKUP($A14,NB_r!$A$2:$G$25,5,FALSE),B$12,TRUE) -> 0.99480434 | C14: =COUNTIF(INDEX($B$33:$Y$397,0,MATCH($A14,$B$32:$Y$32,0)),">="&C$12)/ROWS($A$33:$A$397) -> 0.99726027 | D14: =1-_xlfn.BETA.DIST(VLOOKUP($A14,NB_p!$A$2:$G$25,5,FALSE),VLOOKUP($A14,NB_r!$A$2:$G$25,5,FALSE),D$12,TRUE) -> 0.92302762 | E14: =COUNTIF(INDEX($B$33:$Y$397,0,MATCH($A14,$B$32:$Y$32,0)),">="&E$12)/ROWS($A$33:$A$397) -> 0.90684932 | F14: =1-_xlfn.BETA.DIST(VLOOKUP($A14,NB_p!$A$2:$G$25,5,FALSE),VLOOKUP($A14,NB_r!$A$2:$G$25,5,FALSE),F$12,TRUE) -> 0.71562437 | G14: =COUNTIF(INDEX($B$33:$Y$397,0,MATCH($A14,$B$32:$Y$32,0)),">="&G$12)/ROWS($A$33:$A$397) -> 0.70410959 | H14: =1-_xlfn.BETA.DIST(VLOOKUP($A14,NB_p!$A$2:$G$25,5,FALSE),VLOOKUP($A14,NB_r!$A$2:$G$25,5,FALSE),H$12,TRUE) -> 0.44528875 | I14: =COUNTIF(INDEX($B$33:$Y$397,0,MATCH($A14,$B$32:$Y$32,0)),">="&I$12)/ROWS($A$33:$A$397) -> 0.48219178 | J14: =1-_xlfn.BETA.DIST(VLOOKUP($A14,NB_p!$A$2:$G$25,5,FALSE),VLOOKUP($A14,NB_r!$A$2:$G$25,5,FALSE),J$12,TRUE) -> 0.22656848 | K14: =COUNTIF(INDEX($B$33:$Y$397,0,MATCH($A14,$B$32:$Y$32,0)),">="&K$12)/ROWS($A$33:$A$397) -> 0.2109589 | L14: =1-_xlfn.BETA.DIST(VLOOKUP($A14,NB_p!$A$2:$G$25,5,FALSE),VLOOKUP($A14,NB_r!$A$2:$G$25,5,FALSE),L$12,TRUE) -> 0.09750894 | M14: =COUNTIF(INDEX($B$33:$Y$397,0,MATCH($A14,$B$32:$Y$32,0)),">="&M$12)/ROWS($A$33:$A$397) -> 0.090410959
A15: 19 | B15: =1-_xlfn.BETA.DIST(VLOOKUP($A15,NB_p!$A$2:$G$25,5,FALSE),VLOOKUP($A15,NB_r!$A$2:$G$25,5,FALSE),B$12,TRUE) -> 0.99870102 | C15: =COUNTIF(INDEX($B$33:$Y$397,0,MATCH($A15,$B$32:$Y$32,0)),">="&C$12)/ROWS($A$33:$A$397) -> 0.99726027 | D15: =1-_xlfn.BETA.DIST(VLOOKUP($A15,NB_p!$A$2:$G$25,5,FALSE),VLOOKUP($A15,NB_r!$A$2:$G$25,5,FALSE),D$12,TRUE) -> 0.95337559 | E15: =COUNTIF(INDEX($B$33:$Y$397,0,MATCH($A15,$B$32:$Y$32,0)),">="&E$12)/ROWS($A$33:$A$397) -> 0.95342466 | F15: =1-_xlfn.BETA.DIST(VLOOKUP($A15,NB_p!$A$2:$G$25,5,FALSE),VLOOKUP($A15,NB_r!$A$2:$G$25,5,FALSE),F$12,TRUE) -> 0.73633593 | G15: =COUNTIF(INDEX($B$33:$Y$397,0,MATCH($A15,$B$32:$Y$32,0)),">="&G$12)/ROWS($A$33:$A$397) -> 0.75068493 | H15: =1-_xlfn.BETA.DIST(VLOOKUP($A15,NB_p!$A$2:$G$25,5,FALSE),VLOOKUP($A15,NB_r!$A$2:$G$25,5,FALSE),H$12,TRUE) -> 0.3994826 | I15: =COUNTIF(INDEX($B$33:$Y$397,0,MATCH($A15,$B$32:$Y$32,0)),">="&I$12)/ROWS($A$33:$A$397) -> 0.36712329 | J15: =1-_xlfn.BETA.DIST(VLOOKUP($A15,NB_p!$A$2:$G$25,5,FALSE),VLOOKUP($A15,NB_r!$A$2:$G$25,5,FALSE),J$12,TRUE) -> 0.15021718 | K15: =COUNTIF(INDEX($B$33:$Y$397,0,MATCH($A15,$B$32:$Y$32,0)),">="&K$12)/ROWS($A$33:$A$397) -> 0.14520548 | L15: =1-_xlfn.BETA.DIST(VLOOKUP($A15,NB_p!$A$2:$G$25,5,FALSE),VLOOKUP($A15,NB_r!$A$2:$G$25,5,FALSE),L$12,TRUE) -> 0.040984061 | M15: =COUNTIF(INDEX($B$33:$Y$397,0,MATCH($A15,$B$32:$Y$32,0)),">="&M$12)/ROWS($A$33:$A$397) -> 0.046575342
A16: 20 | B16: =1-_xlfn.BETA.DIST(VLOOKUP($A16,NB_p!$A$2:$G$25,5,FALSE),VLOOKUP($A16,NB_r!$A$2:$G$25,5,FALSE),B$12,TRUE) -> 0.99492549 | C16: =COUNTIF(INDEX($B$33:$Y$397,0,MATCH($A16,$B$32:$Y$32,0)),">="&C$12)/ROWS($A$33:$A$397) -> 0.99452055 | D16: =1-_xlfn.BETA.DIST(VLOOKUP($A16,NB_p!$A$2:$G$25,5,FALSE),VLOOKUP($A16,NB_r!$A$2:$G$25,5,FALSE),D$12,TRUE) -> 0.89414174 | E16: =COUNTIF(INDEX($B$33:$Y$397,0,MATCH($A16,$B$32:$Y$32,0)),">="&E$12)/ROWS($A$33:$A$397) -> 0.93150685 | F16: =1-_xlfn.BETA.DIST(VLOOKUP($A16,NB_p!$A$2:$G$25,5,FALSE),VLOOKUP($A16,NB_r!$A$2:$G$25,5,FALSE),F$12,TRUE) -> 0.58809187 | G16: =COUNTIF(INDEX($B$33:$Y$397,0,MATCH($A16,$B$32:$Y$32,0)),">="&G$12)/ROWS($A$33:$A$397) -> 0.60821918 | H16: =1-_xlfn.BETA.DIST(VLOOKUP($A16,NB_p!$A$2:$G$25,5,FALSE),VLOOKUP($A16,NB_r!$A$2:$G$25,5,FALSE),H$12,TRUE) -> 0.26066572 | I16: =COUNTIF(INDEX($B$33:$Y$397,0,MATCH($A16,$B$32:$Y$32,0)),">="&I$12)/ROWS($A$33:$A$397) -> 0.23013699 | J16: =1-_xlfn.BETA.DIST(VLOOKUP($A16,NB_p!$A$2:$G$25,5,FALSE),VLOOKUP($A16,NB_r!$A$2:$G$25,5,FALSE),J$12,TRUE) -> 0.080962827 | K16: =COUNTIF(INDEX($B$33:$Y$397,0,MATCH($A16,$B$32:$Y$32,0)),">="&K$12)/ROWS($A$33:$A$397) -> 0.065753425 | L16: =1-_xlfn.BETA.DIST(VLOOKUP($A16,NB_p!$A$2:$G$25,5,FALSE),VLOOKUP($A16,NB_r!$A$2:$G$25,5,FALSE),L$12,TRUE) -> 0.018800931 | M16: =COUNTIF(INDEX($B$33:$Y$397,0,MATCH($A16,$B$32:$Y$32,0)),">="&M$12)/ROWS($A$33:$A$397) -> 0.010958904
A17: 21 | B17: =1-_xlfn.BETA.DIST(VLOOKUP($A17,NB_p!$A$2:$G$25,5,FALSE),VLOOKUP($A17,NB_r!$A$2:$G$25,5,FALSE),B$12,TRUE) -> 0.99378726 | C17: =COUNTIF(INDEX($B$33:$Y$397,0,MATCH($A17,$B$32:$Y$32,0)),">="&C$12)/ROWS($A$33:$A$397) -> 0.99178082 | D17: =1-_xlfn.BETA.DIST(VLOOKUP($A17,NB_p!$A$2:$G$25,5,FALSE),VLOOKUP($A17,NB_r!$A$2:$G$25,5,FALSE),D$12,TRUE) -> 0.84031054 | E17: =COUNTIF(INDEX($B$33:$Y$397,0,MATCH($A17,$B$32:$Y$32,0)),">="&E$12)/ROWS($A$33:$A$397) -> 0.84383562 | F17: =1-_xlfn.BETA.DIST(VLOOKUP($A17,NB_p!$A$2:$G$25,5,FALSE),VLOOKUP($A17,NB_r!$A$2:$G$25,5,FALSE),F$12,TRUE) -> 0.41750708 | G17: =COUNTIF(INDEX($B$33:$Y$397,0,MATCH($A17,$B$32:$Y$32,0)),">="&G$12)/ROWS($A$33:$A$397) -> 0.4109589 | H17: =1-_xlfn.BETA.DIST(VLOOKUP($A17,NB_p!$A$2:$G$25,5,FALSE),VLOOKUP($A17,NB_r!$A$2:$G$25,5,FALSE),H$12,TRUE) -> 0.10700112 | I17: =COUNTIF(INDEX($B$33:$Y$397,0,MATCH($A17,$B$32:$Y$32,0)),">="&I$12)/ROWS($A$33:$A$397) -> 0.10410959 | J17: =1-_xlfn.BETA.DIST(VLOOKUP($A17,NB_p!$A$2:$G$25,5,FALSE),VLOOKUP($A17,NB_r!$A$2:$G$25,5,FALSE),J$12,TRUE) -> 0.01528056 | K17: =COUNTIF(INDEX($B$33:$Y$397,0,MATCH($A17,$B$32:$Y$32,0)),">="&K$12)/ROWS($A$33:$A$397) -> 0.016438356 | L17: =1-_xlfn.BETA.DIST(VLOOKUP($A17,NB_p!$A$2:$G$25,5,FALSE),VLOOKUP($A17,NB_r!$A$2:$G$25,5,FALSE),L$12,TRUE) -> 0.0013551767 | M17: =COUNTIF(INDEX($B$33:$Y$397,0,MATCH($A17,$B$32:$Y$32,0)),">="&M$12)/ROWS($A$33:$A$397) -> 0
A18: 22 | B18: =1-_xlfn.BETA.DIST(VLOOKUP($A18,NB_p!$A$2:$G$25,5,FALSE),VLOOKUP($A18,NB_r!$A$2:$G$25,5,FALSE),B$12,TRUE) -> 0.96164756 | C18: =COUNTIF(INDEX($B$33:$Y$397,0,MATCH($A18,$B$32:$Y$32,0)),">="&C$12)/ROWS($A$33:$A$397) -> 0.96712329 | D18: =1-_xlfn.BETA.DIST(VLOOKUP($A18,NB_p!$A$2:$G$25,5,FALSE),VLOOKUP($A18,NB_r!$A$2:$G$25,5,FALSE),D$12,TRUE) -> 0.65017708 | E18: =COUNTIF(INDEX($B$33:$Y$397,0,MATCH($A18,$B$32:$Y$32,0)),">="&E$12)/ROWS($A$33:$A$397) -> 0.65205479 | F18: =1-_xlfn.BETA.DIST(VLOOKUP($A18,NB_p!$A$2:$G$25,5,FALSE),VLOOKUP($A18,NB_r!$A$2:$G$25,5,FALSE),F$12,TRUE) -> 0.2474696 | G18: =COUNTIF(INDEX($B$33:$Y$397,0,MATCH($A18,$B$32:$Y$32,0)),">="&G$12)/ROWS($A$33:$A$397) -> 0.22739726 | H18: =1-_xlfn.BETA.DIST(VLOOKUP($A18,NB_p!$A$2:$G$25,5,FALSE),VLOOKUP($A18,NB_r!$A$2:$G$25,5,FALSE),H$12,TRUE) -> 0.057147566 | I18: =COUNTIF(INDEX($B$33:$Y$397,0,MATCH($A18,$B$32:$Y$32,0)),">="&I$12)/ROWS($A$33:$A$397) -> 0.060273973 | J18: =1-_xlfn.BETA.DIST(VLOOKUP($A18,NB_p!$A$2:$G$25,5,FALSE),VLOOKUP($A18,NB_r!$A$2:$G$25,5,FALSE),J$12,TRUE) -> 0.0090394444 | K18: =COUNTIF(INDEX($B$33:$Y$397,0,MATCH($A18,$B$32:$Y$32,0)),">="&K$12)/ROWS($A$33:$A$397) -> 0.0082191781 | L18: =1-_xlfn.BETA.DIST(VLOOKUP($A18,NB_p!$A$2:$G$25,5,FALSE),VLOOKUP($A18,NB_r!$A$2:$G$25,5,FALSE),L$12,TRUE) -> 0.0010751897 | M18: =COUNTIF(INDEX($B$33:$Y$397,0,MATCH($A18,$B$32:$Y$32,0)),">="&M$12)/ROWS($A$33:$A$397) -> 0.002739726
B19: NG_P(X≥10) | C19: Actual_P(X≥10) | D19: NG_P(X≥15) | E19: Actual_P(X≥15) | F19: NG_P(X≥20) | G19: Actual_P(X≥20) | H19: NG_P(X≥25) | I19: Actual_P(X≥25) | J19: NG_P(X≥30) | K19: Actual_P(X≥30) | L19: NG_P(X≥35) | M19: Actual_P(X≥35) | N19: NG_P(X≥40) | O19: Actual_P(X≥40)
A20: High_frequency_hour | B20: 10 | C20: 10 | D20: 15 | E20: 15 | F20: 20 | G20: 20 | H20: 25 | I20: 25 | J20: 30 | K20: 30 | L20: 35 | M20: 35 | N20: 40 | O20: 40
A21: 9 | B21: =1-_xlfn.BETA.DIST(VLOOKUP($A21,NB_p!$A$2:$G$25,5,FALSE),VLOOKUP($A21,NB_r!$A$2:$G$25,5,FALSE),B$20,TRUE) -> 0.96262898 | C21: =COUNTIF(INDEX($B$33:$Y$397,0,MATCH($A21,$B$32:$Y$32,0)),">="&C$20)/ROWS($A$33:$A$397) -> 0.96712329 | D21: =1-_xlfn.BETA.DIST(VLOOKUP($A21,NB_p!$A$2:$G$25,5,FALSE),VLOOKUP($A21,NB_r!$A$2:$G$25,5,FALSE),D$20,TRUE) -> 0.79989231 | E21: =COUNTIF(INDEX($B$33:$Y$397,0,MATCH($A21,$B$32:$Y$32,0)),">="&E$20)/ROWS($A$33:$A$397) -> 0.83013699 | F21: =1-_xlfn.BETA.DIST(VLOOKUP($A21,NB_p!$A$2:$G$25,5,FALSE),VLOOKUP($A21,NB_r!$A$2:$G$25,5,FALSE),F$20,TRUE) -> 0.52143832 | G21: =COUNTIF(INDEX($B$33:$Y$397,0,MATCH($A21,$B$32:$Y$32,0)),">="&G$20)/ROWS($A$33:$A$397) -> 0.49863014 | H21: =1-_xlfn.BETA.DIST(VLOOKUP($A21,NB_p!$A$2:$G$25,5,FALSE),VLOOKUP($A21,NB_r!$A$2:$G$25,5,FALSE),H$20,TRUE) -> 0.26315558 | I21: =COUNTIF(INDEX($B$33:$Y$397,0,MATCH($A21,$B$32:$Y$32,0)),">="&I$20)/ROWS($A$33:$A$397) -> 0.27123288 | J21: =1-_xlfn.BETA.DIST(VLOOKUP($A21,NB_p!$A$2:$G$25,5,FALSE),VLOOKUP($A21,NB_r!$A$2:$G$25,5,FALSE),J$20,TRUE) -> 0.10576499 | K21: =COUNTIF(INDEX($B$33:$Y$397,0,MATCH($A21,$B$32:$Y$32,0)),">="&K$20)/ROWS($A$33:$A$397) -> 0.095890411 | L21: =1-_xlfn.BETA.DIST(VLOOKUP($A21,NB_p!$A$2:$G$25,5,FALSE),VLOOKUP($A21,NB_r!$A$2:$G$25,5,FALSE),L$20,TRUE) -> 0.035098668 | M21: =COUNTIF(INDEX($B$33:$Y$397,0,MATCH($A21,$B$32:$Y$32,0)),">="&M$20)/ROWS($A$33:$A$397) -> 0.024657534 | N21: =1-_xlfn.BETA.DIST(VLOOKUP($A21,NB_p!$A$2:$G$25,5,FALSE),VLOOKUP($A21,NB_r!$A$2:$G$25,5,FALSE),N$20,TRUE) -> 0.009934246 | O21: =COUNTIF(INDEX($B$33:$Y$397,0,MATCH($A21,$B$32:$Y$32,0)),">="&O$20)/ROWS($A$33:$A$397) -> 0.01369863
A22: 10 | B22: =1-_xlfn.BETA.DIST(VLOOKUP($A22,NB_p!$A$2:$G$25,5,FALSE),VLOOKUP($A22,NB_r!$A$2:$G$25,5,FALSE),B$20,TRUE) -> 0.97953093 | C22: =COUNTIF(INDEX($B$33:$Y$397,0,MATCH($A22,$B$32:$Y$32,0)),">="&C$20)/ROWS($A$33:$A$397) -> 0.97808219 | D22: =1-_xlfn.BETA.DIST(VLOOKUP($A22,NB_p!$A$2:$G$25,5,FALSE),VLOOKUP($A22,NB_r!$A$2:$G$25,5,FALSE),D$20,TRUE) -> 0.85912906 | E22: =COUNTIF(INDEX($B$33:$Y$397,0,MATCH($A22,$B$32:$Y$32,0)),">="&E$20)/ROWS($A$33:$A$397) -> 0.89041096 | F22: =1-_xlfn.BETA.DIST(VLOOKUP($A22,NB_p!$A$2:$G$25,5,FALSE),VLOOKUP($A22,NB_r!$A$2:$G$25,5,FALSE),F$20,TRUE) -> 0.60327238 | G22: =COUNTIF(INDEX($B$33:$Y$397,0,MATCH($A22,$B$32:$Y$32,0)),">="&G$20)/ROWS($A$33:$A$397) -> 0.60547945 | H22: =1-_xlfn.BETA.DIST(VLOOKUP($A22,NB_p!$A$2:$G$25,5,FALSE),VLOOKUP($A22,NB_r!$A$2:$G$25,5,FALSE),H$20,TRUE) -> 0.32566288 | I22: =COUNTIF(INDEX($B$33:$Y$397,0,MATCH($A22,$B$32:$Y$32,0)),">="&I$20)/ROWS($A$33:$A$397) -> 0.29863014 | J22: =1-_xlfn.BETA.DIST(VLOOKUP($A22,NB_p!$A$2:$G$25,5,FALSE),VLOOKUP($A22,NB_r!$A$2:$G$25,5,FALSE),J$20,TRUE) -> 0.13721171 | K22: =COUNTIF(INDEX($B$33:$Y$397,0,MATCH($A22,$B$32:$Y$32,0)),">="&K$20)/ROWS($A$33:$A$397) -> 0.1260274 | L22: =1-_xlfn.BETA.DIST(VLOOKUP($A22,NB_p!$A$2:$G$25,5,FALSE),VLOOKUP($A22,NB_r!$A$2:$G$25,5,FALSE),L$20,TRUE) -> 0.046634565 | M22: =COUNTIF(INDEX($B$33:$Y$397,0,MATCH($A22,$B$32:$Y$32,0)),">="&M$20)/ROWS($A$33:$A$397) -> 0.04109589 | N22: =1-_xlfn.BETA.DIST(VLOOKUP($A22,NB_p!$A$2:$G$25,5,FALSE),VLOOKUP($A22,NB_r!$A$2:$G$25,5,FALSE),N$20,TRUE) -> 0.013218153 | O22: =COUNTIF(INDEX($B$33:$Y$397,0,MATCH($A22,$B$32:$Y$32,0)),">="&O$20)/ROWS($A$33:$A$397) -> 0.019178082
A23: 11 | B23: =1-_xlfn.BETA.DIST(VLOOKUP($A23,NB_p!$A$2:$G$25,5,FALSE),VLOOKUP($A23,NB_r!$A$2:$G$25,5,FALSE),B$20,TRUE) -> 0.9861494 | C23: =COUNTIF(INDEX($B$33:$Y$397,0,MATCH($A23,$B$32:$Y$32,0)),">="&C$20)/ROWS($A$33:$A$397) -> 0.98630137 | D23: =1-_xlfn.BETA.DIST(VLOOKUP($A23,NB_p!$A$2:$G$25,5,FALSE),VLOOKUP($A23,NB_r!$A$2:$G$25,5,FALSE),D$20,TRUE) -> 0.88582821 | E23: =COUNTIF(INDEX($B$33:$Y$397,0,MATCH($A23,$B$32:$Y$32,0)),">="&E$20)/ROWS($A$33:$A$397) -> 0.87945205 | F23: =1-_xlfn.BETA.DIST(VLOOKUP($A23,NB_p!$A$2:$G$25,5,FALSE),VLOOKUP($A23,NB_r!$A$2:$G$25,5,FALSE),F$20,TRUE) -> 0.64099699 | G23: =COUNTIF(INDEX($B$33:$Y$397,0,MATCH($A23,$B$32:$Y$32,0)),">="&G$20)/ROWS($A$33:$A$397) -> 0.65753425 | H23: =1-_xlfn.BETA.DIST(VLOOKUP($A23,NB_p!$A$2:$G$25,5,FALSE),VLOOKUP($A23,NB_r!$A$2:$G$25,5,FALSE),H$20,TRUE) -> 0.35172984 | I23: =COUNTIF(INDEX($B$33:$Y$397,0,MATCH($A23,$B$32:$Y$32,0)),">="&I$20)/ROWS($A$33:$A$397) -> 0.35342466 | J23: =1-_xlfn.BETA.DIST(VLOOKUP($A23,NB_p!$A$2:$G$25,5,FALSE),VLOOKUP($A23,NB_r!$A$2:$G$25,5,FALSE),J$20,TRUE) -> 0.14717745 | K23: =COUNTIF(INDEX($B$33:$Y$397,0,MATCH($A23,$B$32:$Y$32,0)),">="&K$20)/ROWS($A$33:$A$397) -> 0.13424658 | L23: =1-_xlfn.BETA.DIST(VLOOKUP($A23,NB_p!$A$2:$G$25,5,FALSE),VLOOKUP($A23,NB_r!$A$2:$G$25,5,FALSE),L$20,TRUE) -> 0.048463618 | M23: =COUNTIF(INDEX($B$33:$Y$397,0,MATCH($A23,$B$32:$Y$32,0)),">="&M$20)/ROWS($A$33:$A$397) -> 0.043835616 | N23: =1-_xlfn.BETA.DIST(VLOOKUP($A23,NB_p!$A$2:$G$25,5,FALSE),VLOOKUP($A23,NB_r!$A$2:$G$25,5,FALSE),N$20,TRUE) -> 0.01300428 | O23: =COUNTIF(INDEX($B$33:$Y$397,0,MATCH($A23,$B$32:$Y$32,0)),">="&O$20)/ROWS($A$33:$A$397) -> 0.01369863
A24: 12 | B24: =1-_xlfn.BETA.DIST(VLOOKUP($A24,NB_p!$A$2:$G$25,5,FALSE),VLOOKUP($A24,NB_r!$A$2:$G$25,5,FALSE),B$20,TRUE) -> 0.99268522 | C24: =COUNTIF(INDEX($B$33:$Y$397,0,MATCH($A24,$B$32:$Y$32,0)),">="&C$20)/ROWS($A$33:$A$397) -> 0.99452055 | D24: =1-_xlfn.BETA.DIST(VLOOKUP($A24,NB_p!$A$2:$G$25,5,FALSE),VLOOKUP($A24,NB_r!$A$2:$G$25,5,FALSE),D$20,TRUE) -> 0.91720232 | E24: =COUNTIF(INDEX($B$33:$Y$397,0,MATCH($A24,$B$32:$Y$32,0)),">="&E$20)/ROWS($A$33:$A$397) -> 0.9369863 | F24: =1-_xlfn.BETA.DIST(VLOOKUP($A24,NB_p!$A$2:$G$25,5,FALSE),VLOOKUP($A24,NB_r!$A$2:$G$25,5,FALSE),F$20,TRUE) -> 0.68601591 | G24: =COUNTIF(INDEX($B$33:$Y$397,0,MATCH($A24,$B$32:$Y$32,0)),">="&G$20)/ROWS($A$33:$A$397) -> 0.70410959 | H24: =1-_xlfn.BETA.DIST(VLOOKUP($A24,NB_p!$A$2:$G$25,5,FALSE),VLOOKUP($A24,NB_r!$A$2:$G$25,5,FALSE),H$20,TRUE) -> 0.37658947 | I24: =COUNTIF(INDEX($B$33:$Y$397,0,MATCH($A24,$B$32:$Y$32,0)),">="&I$20)/ROWS($A$33:$A$397) -> 0.36438356 | J24: =1-_xlfn.BETA.DIST(VLOOKUP($A24,NB_p!$A$2:$G$25,5,FALSE),VLOOKUP($A24,NB_r!$A$2:$G$25,5,FALSE),J$20,TRUE) -> 0.14962962 | K24: =COUNTIF(INDEX($B$33:$Y$397,0,MATCH($A24,$B$32:$Y$32,0)),">="&K$20)/ROWS($A$33:$A$397) -> 0.14246575 | L24: =1-_xlfn.BETA.DIST(VLOOKUP($A24,NB_p!$A$2:$G$25,5,FALSE),VLOOKUP($A24,NB_r!$A$2:$G$25,5,FALSE),L$20,TRUE) -> 0.044269462 | M24: =COUNTIF(INDEX($B$33:$Y$397,0,MATCH($A24,$B$32:$Y$32,0)),">="&M$20)/ROWS($A$33:$A$397) -> 0.046575342 | N24: =1-_xlfn.BETA.DIST(VLOOKUP($A24,NB_p!$A$2:$G$25,5,FALSE),VLOOKUP($A24,NB_r!$A$2:$G$25,5,FALSE),N$20,TRUE) -> 0.010134871 | O24: =COUNTIF(INDEX($B$33:$Y$397,0,MATCH($A24,$B$32:$Y$32,0)),">="&O$20)/ROWS($A$33:$A$397) -> 0.021917808
A25: 13 | B25: =1-_xlfn.BETA.DIST(VLOOKUP($A25,NB_p!$A$2:$G$25,5,FALSE),VLOOKUP($A25,NB_r!$A$2:$G$25,5,FALSE),B$20,TRUE) -> 0.9873454 | C25: =COUNTIF(INDEX($B$33:$Y$397,0,MATCH($A25,$B$32:$Y$32,0)),">="&C$20)/ROWS($A$33:$A$397) -> 0.9890411 | D25: =1-_xlfn.BETA.DIST(VLOOKUP($A25,NB_p!$A$2:$G$25,5,FALSE),VLOOKUP($A25,NB_r!$A$2:$G$25,5,FALSE),D$20,TRUE) -> 0.8960851 | E25: =COUNTIF(INDEX($B$33:$Y$397,0,MATCH($A25,$B$32:$Y$32,0)),">="&E$20)/ROWS($A$33:$A$397) -> 0.87945205 | F25: =1-_xlfn.BETA.DIST(VLOOKUP($A25,NB_p!$A$2:$G$25,5,FALSE),VLOOKUP($A25,NB_r!$A$2:$G$25,5,FALSE),F$20,TRUE) -> 0.66809569 | G25: =COUNTIF(INDEX($B$33:$Y$397,0,MATCH($A25,$B$32:$Y$32,0)),">="&G$20)/ROWS($A$33:$A$397) -> 0.69041096 | H25: =1-_xlfn.BETA.DIST(VLOOKUP($A25,NB_p!$A$2:$G$25,5,FALSE),VLOOKUP($A25,NB_r!$A$2:$G$25,5,FALSE),H$20,TRUE) -> 0.38607789 | I25: =COUNTIF(INDEX($B$33:$Y$397,0,MATCH($A25,$B$32:$Y$32,0)),">="&I$20)/ROWS($A$33:$A$397) -> 0.39178082 | J25: =1-_xlfn.BETA.DIST(VLOOKUP($A25,NB_p!$A$2:$G$25,5,FALSE),VLOOKUP($A25,NB_r!$A$2:$G$25,5,FALSE),J$20,TRUE) -> 0.17337929 | K25: =COUNTIF(INDEX($B$33:$Y$397,0,MATCH($A25,$B$32:$Y$32,0)),">="&K$20)/ROWS($A$33:$A$397) -> 0.16986301 | L25: =1-_xlfn.BETA.DIST(VLOOKUP($A25,NB_p!$A$2:$G$25,5,FALSE),VLOOKUP($A25,NB_r!$A$2:$G$25,5,FALSE),L$20,TRUE) -> 0.062217185 | M25: =COUNTIF(INDEX($B$33:$Y$397,0,MATCH($A25,$B$32:$Y$32,0)),">="&M$20)/ROWS($A$33:$A$397) -> 0.046575342 | N25: =1-_xlfn.BETA.DIST(VLOOKUP($A25,NB_p!$A$2:$G$25,5,FALSE),VLOOKUP($A25,NB_r!$A$2:$G$25,5,FALSE),N$20,TRUE) -> 0.018420743 | O25: =COUNTIF(INDEX($B$33:$Y$397,0,MATCH($A25,$B$32:$Y$32,0)),">="&O$20)/ROWS($A$33:$A$397) -> 0.01369863
A26: 14 | B26: =1-_xlfn.BETA.DIST(VLOOKUP($A26,NB_p!$A$2:$G$25,5,FALSE),VLOOKUP($A26,NB_r!$A$2:$G$25,5,FALSE),B$20,TRUE) -> 0.98750625 | C26: =COUNTIF(INDEX($B$33:$Y$397,0,MATCH($A26,$B$32:$Y$32,0)),">="&C$20)/ROWS($A$33:$A$397) -> 0.98630137 | D26: =1-_xlfn.BETA.DIST(VLOOKUP($A26,NB_p!$A$2:$G$25,5,FALSE),VLOOKUP($A26,NB_r!$A$2:$G$25,5,FALSE),D$20,TRUE) -> 0.89961237 | E26: =COUNTIF(INDEX($B$33:$Y$397,0,MATCH($A26,$B$32:$Y$32,0)),">="&E$20)/ROWS($A$33:$A$397) -> 0.93424658 | F26: =1-_xlfn.BETA.DIST(VLOOKUP($A26,NB_p!$A$2:$G$25,5,FALSE),VLOOKUP($A26,NB_r!$A$2:$G$25,5,FALSE),F$20,TRUE) -> 0.6802989 | G26: =COUNTIF(INDEX($B$33:$Y$397,0,MATCH($A26,$B$32:$Y$32,0)),">="&G$20)/ROWS($A$33:$A$397) -> 0.69589041 | H26: =1-_xlfn.BETA.DIST(VLOOKUP($A26,NB_p!$A$2:$G$25,5,FALSE),VLOOKUP($A26,NB_r!$A$2:$G$25,5,FALSE),H$20,TRUE) -> 0.40425082 | I26: =COUNTIF(INDEX($B$33:$Y$397,0,MATCH($A26,$B$32:$Y$32,0)),">="&I$20)/ROWS($A$33:$A$397) -> 0.39178082 | J26: =1-_xlfn.BETA.DIST(VLOOKUP($A26,NB_p!$A$2:$G$25,5,FALSE),VLOOKUP($A26,NB_r!$A$2:$G$25,5,FALSE),J$20,TRUE) -> 0.18913883 | K26: =COUNTIF(INDEX($B$33:$Y$397,0,MATCH($A26,$B$32:$Y$32,0)),">="&K$20)/ROWS($A$33:$A$397) -> 0.18082192 | L26: =1-_xlfn.BETA.DIST(VLOOKUP($A26,NB_p!$A$2:$G$25,5,FALSE),VLOOKUP($A26,NB_r!$A$2:$G$25,5,FALSE),L$20,TRUE) -> 0.071514235 | M26: =COUNTIF(INDEX($B$33:$Y$397,0,MATCH($A26,$B$32:$Y$32,0)),">="&M$20)/ROWS($A$33:$A$397) -> 0.071232877 | N26: =1-_xlfn.BETA.DIST(VLOOKUP($A26,NB_p!$A$2:$G$25,5,FALSE),VLOOKUP($A26,NB_r!$A$2:$G$25,5,FALSE),N$20,TRUE) -> 0.022521096 | O26: =COUNTIF(INDEX($B$33:$Y$397,0,MATCH($A26,$B$32:$Y$32,0)),">="&O$20)/ROWS($A$33:$A$397) -> 0.019178082
A27: 15 | B27: =1-_xlfn.BETA.DIST(VLOOKUP($A27,NB_p!$A$2:$G$25,5,FALSE),VLOOKUP($A27,NB_r!$A$2:$G$25,5,FALSE),B$20,TRUE) -> 0.98573136 | C27: =COUNTIF(INDEX($B$33:$Y$397,0,MATCH($A27,$B$32:$Y$32,0)),">="&C$20)/ROWS($A$33:$A$397) -> 0.98630137 | D27: =1-_xlfn.BETA.DIST(VLOOKUP($A27,NB_p!$A$2:$G$25,5,FALSE),VLOOKUP($A27,NB_r!$A$2:$G$25,5,FALSE),D$20,TRUE) -> 0.90249159 | E27: =COUNTIF(INDEX($B$33:$Y$397,0,MATCH($A27,$B$32:$Y$32,0)),">="&E$20)/ROWS($A$33:$A$397) -> 0.91232877 | F27: =1-_xlfn.BETA.DIST(VLOOKUP($A27,NB_p!$A$2:$G$25,5,FALSE),VLOOKUP($A27,NB_r!$A$2:$G$25,5,FALSE),F$20,TRUE) -> 0.70868297 | G27: =COUNTIF(INDEX($B$33:$Y$397,0,MATCH($A27,$B$32:$Y$32,0)),">="&G$20)/ROWS($A$33:$A$397) -> 0.74794521 | H27: =1-_xlfn.BETA.DIST(VLOOKUP($A27,NB_p!$A$2:$G$25,5,FALSE),VLOOKUP($A27,NB_r!$A$2:$G$25,5,FALSE),H$20,TRUE) -> 0.45989865 | I27: =COUNTIF(INDEX($B$33:$Y$397,0,MATCH($A27,$B$32:$Y$32,0)),">="&I$20)/ROWS($A$33:$A$397) -> 0.4630137 | J27: =1-_xlfn.BETA.DIST(VLOOKUP($A27,NB_p!$A$2:$G$25,5,FALSE),VLOOKUP($A27,NB_r!$A$2:$G$25,5,FALSE),J$20,TRUE) -> 0.24755807 | K27: =COUNTIF(INDEX($B$33:$Y$397,0,MATCH($A27,$B$32:$Y$32,0)),">="&K$20)/ROWS($A$33:$A$397) -> 0.2109589 | L27: =1-_xlfn.BETA.DIST(VLOOKUP($A27,NB_p!$A$2:$G$25,5,FALSE),VLOOKUP($A27,NB_r!$A$2:$G$25,5,FALSE),L$20,TRUE) -> 0.11283666 | M27: =COUNTIF(INDEX($B$33:$Y$397,0,MATCH($A27,$B$32:$Y$32,0)),">="&M$20)/ROWS($A$33:$A$397) -> 0.063013699 | N27: =1-_xlfn.BETA.DIST(VLOOKUP($A27,NB_p!$A$2:$G$25,5,FALSE),VLOOKUP($A27,NB_r!$A$2:$G$25,5,FALSE),N$20,TRUE) -> 0.044584852 | O27: =COUNTIF(INDEX($B$33:$Y$397,0,MATCH($A27,$B$32:$Y$32,0)),">="&O$20)/ROWS($A$33:$A$397) -> 0.019178082
A28: 16 | B28: =1-_xlfn.BETA.DIST(VLOOKUP($A28,NB_p!$A$2:$G$25,5,FALSE),VLOOKUP($A28,NB_r!$A$2:$G$25,5,FALSE),B$20,TRUE) -> 0.96602645 | C28: =COUNTIF(INDEX($B$33:$Y$397,0,MATCH($A28,$B$32:$Y$32,0)),">="&C$20)/ROWS($A$33:$A$397) -> 0.9890411 | D28: =1-_xlfn.BETA.DIST(VLOOKUP($A28,NB_p!$A$2:$G$25,5,FALSE),VLOOKUP($A28,NB_r!$A$2:$G$25,5,FALSE),D$20,TRUE) -> 0.86152724 | E28: =COUNTIF(INDEX($B$33:$Y$397,0,MATCH($A28,$B$32:$Y$32,0)),">="&E$20)/ROWS($A$33:$A$397) -> 0.91506849 | F28: =1-_xlfn.BETA.DIST(VLOOKUP($A28,NB_p!$A$2:$G$25,5,FALSE),VLOOKUP($A28,NB_r!$A$2:$G$25,5,FALSE),F$20,TRUE) -> 0.68569154 | G28: =COUNTIF(INDEX($B$33:$Y$397,0,MATCH($A28,$B$32:$Y$32,0)),">="&G$20)/ROWS($A$33:$A$397) -> 0.73424658 | H28: =1-_xlfn.BETA.DIST(VLOOKUP($A28,NB_p!$A$2:$G$25,5,FALSE),VLOOKUP($A28,NB_r!$A$2:$G$25,5,FALSE),H$20,TRUE) -> 0.48599976 | I28: =COUNTIF(INDEX($B$33:$Y$397,0,MATCH($A28,$B$32:$Y$32,0)),">="&I$20)/ROWS($A$33:$A$397) -> 0.51506849 | J28: =1-_xlfn.BETA.DIST(VLOOKUP($A28,NB_p!$A$2:$G$25,5,FALSE),VLOOKUP($A28,NB_r!$A$2:$G$25,5,FALSE),J$20,TRUE) -> 0.31040537 | K28: =COUNTIF(INDEX($B$33:$Y$397,0,MATCH($A28,$B$32:$Y$32,0)),">="&K$20)/ROWS($A$33:$A$397) -> 0.2630137 | L28: =1-_xlfn.BETA.DIST(VLOOKUP($A28,NB_p!$A$2:$G$25,5,FALSE),VLOOKUP($A28,NB_r!$A$2:$G$25,5,FALSE),L$20,TRUE) -> 0.18135221 | M28: =COUNTIF(INDEX($B$33:$Y$397,0,MATCH($A28,$B$32:$Y$32,0)),">="&M$20)/ROWS($A$33:$A$397) -> 0.11506849 | N28: =1-_xlfn.BETA.DIST(VLOOKUP($A28,NB_p!$A$2:$G$25,5,FALSE),VLOOKUP($A28,NB_r!$A$2:$G$25,5,FALSE),N$20,TRUE) -> 0.098281041 | O28: =COUNTIF(INDEX($B$33:$Y$397,0,MATCH($A28,$B$32:$Y$32,0)),">="&O$20)/ROWS($A$33:$A$397) -> 0.035616438
A29: 17 | B29: =1-_xlfn.BETA.DIST(VLOOKUP($A29,NB_p!$A$2:$G$25,5,FALSE),VLOOKUP($A29,NB_r!$A$2:$G$25,5,FALSE),B$20,TRUE) -> 0.97289694 | C29: =COUNTIF(INDEX($B$33:$Y$397,0,MATCH($A29,$B$32:$Y$32,0)),">="&C$20)/ROWS($A$33:$A$397) -> 0.98630137 | D29: =1-_xlfn.BETA.DIST(VLOOKUP($A29,NB_p!$A$2:$G$25,5,FALSE),VLOOKUP($A29,NB_r!$A$2:$G$25,5,FALSE),D$20,TRUE) -> 0.87429446 | E29: =COUNTIF(INDEX($B$33:$Y$397,0,MATCH($A29,$B$32:$Y$32,0)),">="&E$20)/ROWS($A$33:$A$397) -> 0.91232877 | F29: =1-_xlfn.BETA.DIST(VLOOKUP($A29,NB_p!$A$2:$G$25,5,FALSE),VLOOKUP($A29,NB_r!$A$2:$G$25,5,FALSE),F$20,TRUE) -> 0.69404471 | G29: =COUNTIF(INDEX($B$33:$Y$397,0,MATCH($A29,$B$32:$Y$32,0)),">="&G$20)/ROWS($A$33:$A$397) -> 0.75068493 | H29: =1-_xlfn.BETA.DIST(VLOOKUP($A29,NB_p!$A$2:$G$25,5,FALSE),VLOOKUP($A29,NB_r!$A$2:$G$25,5,FALSE),H$20,TRUE) -> 0.48238393 | I29: =COUNTIF(INDEX($B$33:$Y$397,0,MATCH($A29,$B$32:$Y$32,0)),">="&I$20)/ROWS($A$33:$A$397) -> 0.51232877 | J29: =1-_xlfn.BETA.DIST(VLOOKUP($A29,NB_p!$A$2:$G$25,5,FALSE),VLOOKUP($A29,NB_r!$A$2:$G$25,5,FALSE),J$20,TRUE) -> 0.29672329 | K29: =COUNTIF(INDEX($B$33:$Y$397,0,MATCH($A29,$B$32:$Y$32,0)),">="&K$20)/ROWS($A$33:$A$397) -> 0.24109589 | L29: =1-_xlfn.BETA.DIST(VLOOKUP($A29,NB_p!$A$2:$G$25,5,FALSE),VLOOKUP($A29,NB_r!$A$2:$G$25,5,FALSE),L$20,TRUE) -> 0.16422001 | M29: =COUNTIF(INDEX($B$33:$Y$397,0,MATCH($A29,$B$32:$Y$32,0)),">="&M$20)/ROWS($A$33:$A$397) -> 0.098630137 | N29: =1-_xlfn.BETA.DIST(VLOOKUP($A29,NB_p!$A$2:$G$25,5,FALSE),VLOOKUP($A29,NB_r!$A$2:$G$25,5,FALSE),N$20,TRUE) -> 0.08310031 | O29: =COUNTIF(INDEX($B$33:$Y$397,0,MATCH($A29,$B$32:$Y$32,0)),">="&O$20)/ROWS($A$33:$A$397) -> 0.057534247
A30: 18 | B30: =1-_xlfn.BETA.DIST(VLOOKUP($A30,NB_p!$A$2:$G$25,5,FALSE),VLOOKUP($A30,NB_r!$A$2:$G$25,5,FALSE),B$20,TRUE) -> 0.96986305 | C30: =COUNTIF(INDEX($B$33:$Y$397,0,MATCH($A30,$B$32:$Y$32,0)),">="&C$20)/ROWS($A$33:$A$397) -> 0.9890411 | D30: =1-_xlfn.BETA.DIST(VLOOKUP($A30,NB_p!$A$2:$G$25,5,FALSE),VLOOKUP($A30,NB_r!$A$2:$G$25,5,FALSE),D$20,TRUE) -> 0.83511559 | E30: =COUNTIF(INDEX($B$33:$Y$397,0,MATCH($A30,$B$32:$Y$32,0)),">="&E$20)/ROWS($A$33:$A$397) -> 0.87671233 | F30: =1-_xlfn.BETA.DIST(VLOOKUP($A30,NB_p!$A$2:$G$25,5,FALSE),VLOOKUP($A30,NB_r!$A$2:$G$25,5,FALSE),F$20,TRUE) -> 0.58727378 | G30: =COUNTIF(INDEX($B$33:$Y$397,0,MATCH($A30,$B$32:$Y$32,0)),">="&G$20)/ROWS($A$33:$A$397) -> 0.5890411 | H30: =1-_xlfn.BETA.DIST(VLOOKUP($A30,NB_p!$A$2:$G$25,5,FALSE),VLOOKUP($A30,NB_r!$A$2:$G$25,5,FALSE),H$20,TRUE) -> 0.33141423 | I30: =COUNTIF(INDEX($B$33:$Y$397,0,MATCH($A30,$B$32:$Y$32,0)),">="&I$20)/ROWS($A$33:$A$397) -> 0.28219178 | J30: =1-_xlfn.BETA.DIST(VLOOKUP($A30,NB_p!$A$2:$G$25,5,FALSE),VLOOKUP($A30,NB_r!$A$2:$G$25,5,FALSE),J$20,TRUE) -> 0.15315757 | K30: =COUNTIF(INDEX($B$33:$Y$397,0,MATCH($A30,$B$32:$Y$32,0)),">="&K$20)/ROWS($A$33:$A$397) -> 0.13972603 | L30: =1-_xlfn.BETA.DIST(VLOOKUP($A30,NB_p!$A$2:$G$25,5,FALSE),VLOOKUP($A30,NB_r!$A$2:$G$25,5,FALSE),L$20,TRUE) -> 0.059703371 | M30: =COUNTIF(INDEX($B$33:$Y$397,0,MATCH($A30,$B$32:$Y$32,0)),">="&M$20)/ROWS($A$33:$A$397) -> 0.063013699 | N30: =1-_xlfn.BETA.DIST(VLOOKUP($A30,NB_p!$A$2:$G$25,5,FALSE),VLOOKUP($A30,NB_r!$A$2:$G$25,5,FALSE),N$20,TRUE) -> 0.020183418 | O30: =COUNTIF(INDEX($B$33:$Y$397,0,MATCH($A30,$B$32:$Y$32,0)),">="&O$20)/ROWS($A$33:$A$397) -> 0.030136986
A32: Hour | B32: 0 | C32: 1 | D32: 2 | E32: 3 | F32: 4 | G32: 5 | H32: 6 | I32: 7 | J32: 8 | K32: 9 | L32: 10 | M32: 11 | N32: 12 | O32: 13 | P32: 14 | Q32: 15 | R32: 16 | S32: 17 | T32: 18 | U32: 19 | V32: 20 | W32: 21 | X32: 22 | Y32: 23
A33: 42736 | B33: 14 | C33: 13 | D33: 19 | E33: 11 | F33: 14 | G33: 13 | H33: 12 | I33: 7 | J33: 8 | K33: 13 | L33: 12 | M33: 15 | N33: 20 | O33: 16 | P33: 17 | Q33: 17 | R33: 15 | S33: 11 | T33: 15 | U33: 12 | V33: 12 | W33: 10 | X33: 5 | Y33: 7
A34: 42737 | B34: 9 | C34: 7 | D34: 7 | E34: 4 | F34: 4 | G34: 2 | H34: 4 | I34: 5 | J34: 16 | K34: 16 | L34: 16 | M34: 13 | N34: 19 | O34: 24 | P34: 16 | Q34: 25 | R34: 13 | S34: 19 | T34: 15 | U34: 21 | V34: 16 | W34: 14 | X34: 10 | Y34: 15
A35: 42738 | B35: 9 | C35: 4 | D35: 9 | E35: 8 | F35: 1 | G35: 8 | H35: 14 | I35: 14 | J35: 23 | K35: 23 | L35: 21 | M35: 28 | N35: 18 | O35: 28 | P35: 22 | Q35: 30 | R35: 45 | S35: 24 | T35: 40 | U35: 23 | V35: 28 | W35: 16 | X35: 4 | Y35: 3
A36: 42739 | B36: 7 | C36: 3 | D36: 2 | E36: 6 | F36: 4 | G36: 6 | H36: 17 | I36: 17 | J36: 18 | K36: 18 | L36: 33 | M36: 29 | N36: 24 | O36: 13 | P36: 25 | Q36: 28 | R36: 21 | S36: 24 | T36: 30 | U36: 31 | V36: 24 | W36: 16 | X36: 18 | Y36: 8
A37: 42740 | B37: 2 | C37: 4 | D37: 5 | E37: 8 | F37: 6 | G37: 5 | H37: 17 | I37: 15 | J37: 23 | K37: 24 | L37: 10 | M37: 20 | N37: 12 | O37: 17 | P37: 20 | Q37: 23 | R37: 27 | S37: 26 | T37: 31 | U37: 12 | V37: 17 | W37: 12 | X37: 17 | Y37: 11
A38: 42741 | B38: 9 | C38: 4 | D38: 8 | E38: 8 | F38: 6 | G38: 10 | H38: 16 | I38: 23 | J38: 23 | K38: 17 | L38: 29 | M38: 22 | N38: 26 | O38: 38 | P38: 14 | Q38: 21 | R38: 14 | S38: 28 | T38: 29 | U38: 19 | V38: 11 | W38: 17 | X38: 10 | Y38: 11
A39: 42742 | B39: 6 | C39: 9 | D39: 12 | E39: 7 | F39: 4 | G39: 4 | H39: 10 | I39: 7 | J39: 7 | K39: 17 | L39: 29 | M39: 48 | N39: 35 | O39: 42 | P39: 29 | Q39: 20 | R39: 12 | S39: 18 | T39: 25 | U39: 27 | V39: 7 | W39: 10 | X39: 14 | Y39: 13
A40: 42743 | B40: 7 | C40: 15 | D40: 6 | E40: 7 | F40: 10 | G40: 9 | H40: 8 | I40: 6 | J40: 10 | K40: 17 | L40: 22 | M40: 19 | N40: 18 | O40: 16 | P40: 15 | Q40: 17 | R40: 19 | S40: 20 | T40: 16 | U40: 24 | V40: 28 | W40: 9 | X40: 14 | Y40: 9
A41: 42744 | B41: 6 | C41: 5 | D41: 11 | E41: 5 | F41: 4 | G41: 8 | H41: 9 | I41: 24 | J41: 24 | K41: 21 | L41: 24 | M41: 16 | N41: 25 | O41: 30 | P41: 24 | Q41: 13 | R41: 17 | S41: 33 | T41: 20 | U41: 14 | V41: 12 | W41: 12 | X41: 7 | Y41: 9
A42: 42745 | B42: 9 | C42: 4 | D42: 10 | E42: 6 | F42: 7 | G42: 6 | H42: 15 | I42: 21 | J42: 41 | K42: 25 | L42: 18 | M42: 26 | N42: 21 | O42: 23 | P42: 16 | Q42: 23 | R42: 25 | S42: 27 | T42: 24 | U42: 19 | V42: 14 | W42: 12 | X42: 9 | Y42: 10
A43: 42746 | B43: 10 | C43: 11 | D43: 8 | E43: 5 | F43: 4 | G43: 18 | H43: 29 | I43: 46 | J43: 42 | K43: 30 | L43: 23 | M43: 31 | N43: 30 | O43: 24 | P43: 29 | Q43: 33 | R43: 21 | S43: 29 | T43: 24 | U43: 23 | V43: 8 | W43: 17 | X43: 13 | Y43: 5
A44: 42747 | B44: 6 | C44: 3 | D44: 8 | E44: 13 | F44: 5 | G44: 7 | H44: 16 | I44: 21 | J44: 20 | K44: 21 | L44: 32 | M44: 17 | N44: 23 | O44: 14 | P44: 24 | Q44: 26 | R44: 33 | S44: 31 | T44: 22 | U44: 17 | V44: 19 | W44: 25 | X44: 11 | Y44: 13
... A397: 43100 | B397: 7 | C397: 7 | D397: 7 | E397: 8 | F397: 5 | G397: 8 | H397: 6 | I397: 12 | J397: 20 | K397: 19 | L397: 22 | M397: 16 | N397: 26 | O397: 36 | P397: 18 | Q397: 21 | R397: 15 | S397: 25 | T397: 34 | U397: 20 | V397: 16 | W397: 22 | X397: 10 | Y397: 12

Sheet 2016
B1: NG_P(X≥3) | C1: Actual_P(X≥3) | D1: NG_P(X≥6) | E1: Actual_P(X≥6) | F1: NG_P(X≥9) | G1: Actual_P(X≥9) | H1: NG_P(X≥12) | I1: Actual_P(X≥12) | J1: NG_P(X≥15) | K1: Actual_P(X≥15)
A2: Low_frequency_hour | B2: 3 | C2: 3 | D2: 6 | E2: 6 | F2: 9 | G2: 9 | H2: 12 | I2: 12 | J2: 15 | K2: 15
A3: 0 | B3: =1-_xlfn.BETA.DIST(VLOOKUP($A3,NB_p!$A$2:$G$25,6,FALSE),VLOOKUP($A3,NB_r!$A$2:$G$25,6,FALSE),B$2,TRUE) -> 0.95263733 | C3: =COUNTIF(INDEX($B$33:$Y$398,0,MATCH($A3,$B$32:$Y$32,0)),">="&C$2)/ROWS($A$33:$A$398) -> 0.9726776 | D3: =1-_xlfn.BETA.DIST(VLOOKUP($A3,NB_p!$A$2:$G$25,6,FALSE),VLOOKUP($A3,NB_r!$A$2:$G$25,6,FALSE),D$2,TRUE) -> 0.72641079 | E3: =COUNTIF(INDEX($B$33:$Y$398,0,MATCH($A3,$B$32:$Y$32,0)),">="&E$2)/ROWS($A$33:$A$398) -> 0.75956284 | F3: =1-_xlfn.BETA.DIST(VLOOKUP($A3,NB_p!$A$2:$G$25,6,FALSE),VLOOKUP($A3,NB_r!$A$2:$G$25,6,FALSE),F$2,TRUE) -> 0.41347581 | G3: =COUNTIF(INDEX($B$33:$Y$398,0,MATCH($A3,$B$32:$Y$32,0)),">="&G$2)/ROWS($A$33:$A$398) -> 0.38251366 | H3: =1-_xlfn.BETA.DIST(VLOOKUP($A3,NB_p!$A$2:$G$25,6,FALSE),VLOOKUP($A3,NB_r!$A$2:$G$25,6,FALSE),H$2,TRUE) -> 0.18250078 | I3: =COUNTIF(INDEX($B$33:$Y$398,0,MATCH($A3,$B$32:$Y$32,0)),">="&I$2)/ROWS($A$33:$A$398) -> 0.15846995 | J3: =1-_xlfn.BETA.DIST(VLOOKUP($A3,NB_p!$A$2:$G$25,6,FALSE),VLOOKUP($A3,NB_r!$A$2:$G$25,6,FALSE),J$2,TRUE) -> 0.065961811 | K3: =COUNTIF(INDEX($B$33:$Y$398,0,MATCH($A3,$B$32:$Y$32,0)),">="&K$2)/ROWS($A$33:$A$398) -> 0.054644809
A4: 1 | B4: =1-_xlfn.BETA.DIST(VLOOKUP($A4,NB_p!$A$2:$G$25,6,FALSE),VLOOKUP($A4,NB_r!$A$2:$G$25,6,FALSE),B$2,TRUE) -> 0.90998095 | C4: =COUNTIF(INDEX($B$33:$Y$398,0,MATCH($A4,$B$32:$Y$32,0)),">="&C$2)/ROWS($A$33:$A$398) -> 0.93442623 | D4: =1-_xlfn.BETA.DIST(VLOOKUP($A4,NB_p!$A$2:$G$25,6,FALSE),VLOOKUP($A4,NB_r!$A$2:$G$25,6,FALSE),D$2,TRUE) -> 0.59148022 | E4: =COUNTIF(INDEX($B$33:$Y$398,0,MATCH($A4,$B$32:$Y$32,0)),">="&E$2)/ROWS($A$33:$A$398) -> 0.56557377 | F4: =1-_xlfn.BETA.DIST(VLOOKUP($A4,NB_p!$A$2:$G$25,6,FALSE),VLOOKUP($A4,NB_r!$A$2:$G$25,6,FALSE),F$2,TRUE) -> 0.26773368 | G4: =COUNTIF(INDEX($B$33:$Y$398,0,MATCH($A4,$B$32:$Y$32,0)),">="&G$2)/ROWS($A$33:$A$398) -> 0.24863388 | H4: =1-_xlfn.BETA.DIST(VLOOKUP($A4,NB_p!$A$2:$G$25,6,FALSE),VLOOKUP($A4,NB_r!$A$2:$G$25,6,FALSE),H$2,TRUE) -> 0.091352364 | I4: =COUNTIF(INDEX($B$33:$Y$398,0,MATCH($A4,$B$32:$Y$32,0)),">="&I$2)/ROWS($A$33:$A$398) -> 0.10382514 | J4: =1-_xlfn.BETA.DIST(VLOOKUP($A4,NB_p!$A$2:$G$25,6,FALSE),VLOOKUP($A4,NB_r!$A$2:$G$25,6,FALSE),J$2,TRUE) -> 0.025253765 | K4: =COUNTIF(INDEX($B$33:$Y$398,0,MATCH($A4,$B$32:$Y$32,0)),">="&K$2)/ROWS($A$33:$A$398) -> 0.030054645
A5: 2 | B5: =1-_xlfn.BETA.DIST(VLOOKUP($A5,NB_p!$A$2:$G$25,6,FALSE),VLOOKUP($A5,NB_r!$A$2:$G$25,6,FALSE),B$2,TRUE) -> 0.88755955 | C5: =COUNTIF(INDEX($B$33:$Y$398,0,MATCH($A5,$B$32:$Y$32,0)),">="&C$2)/ROWS($A$33:$A$398) -> 0.89344262 | D5: =1-_xlfn.BETA.DIST(VLOOKUP($A5,NB_p!$A$2:$G$25,6,FALSE),VLOOKUP($A5,NB_r!$A$2:$G$25,6,FALSE),D$2,TRUE) -> 0.52285929 | E5: =COUNTIF(INDEX($B$33:$Y$398,0,MATCH($A5,$B$32:$Y$32,0)),">="&E$2)/ROWS($A$33:$A$398) -> 0.54098361 | F5: =1-_xlfn.BETA.DIST(VLOOKUP($A5,NB_p!$A$2:$G$25,6,FALSE),VLOOKUP($A5,NB_r!$A$2:$G$25,6,FALSE),F$2,TRUE) -> 0.2017827 | G5: =COUNTIF(INDEX($B$33:$Y$398,0,MATCH($A5,$B$32:$Y$32,0)),">="&G$2)/ROWS($A$33:$A$398) -> 0.18579235 | H5: =1-_xlfn.BETA.DIST(VLOOKUP($A5,NB_p!$A$2:$G$25,6,FALSE),VLOOKUP($A5,NB_r!$A$2:$G$25,6,FALSE),H$2,TRUE) -> 0.056395469 | I5: =COUNTIF(INDEX($B$33:$Y$398,0,MATCH($A5,$B$32:$Y$32,0)),">="&I$2)/ROWS($A$33:$A$398) -> 0.057377049 | J5: =1-_xlfn.BETA.DIST(VLOOKUP($A5,NB_p!$A$2:$G$25,6,FALSE),VLOOKUP($A5,NB_r!$A$2:$G$25,6,FALSE),J$2,TRUE) -> 0.012426581 | K5: =COUNTIF(INDEX($B$33:$Y$398,0,MATCH($A5,$B$32:$Y$32,0)),">="&K$2)/ROWS($A$33:$A$398) -> 0.010928962
A6: 3 | B6: =1-_xlfn.BETA.DIST(VLOOKUP($A6,NB_p!$A$2:$G$25,6,FALSE),VLOOKUP($A6,NB_r!$A$2:$G$25,6,FALSE),B$2,TRUE) -> 0.86190446 | C6: =COUNTIF(INDEX($B$33:$Y$398,0,MATCH($A6,$B$32:$Y$32,0)),">="&C$2)/ROWS($A$33:$A$398) -> 0.89617486 | D6: =1-_xlfn.BETA.DIST(VLOOKUP($A6,NB_p!$A$2:$G$25,6,FALSE),VLOOKUP($A6,NB_r!$A$2:$G$25,6,FALSE),D$2,TRUE) -> 0.46168066 | E6: =COUNTIF(INDEX($B$33:$Y$398,0,MATCH($A6,$B$32:$Y$32,0)),">="&E$2)/ROWS($A$33:$A$398) -> 0.44262295 | F6: =1-_xlfn.BETA.DIST(VLOOKUP($A6,NB_p!$A$2:$G$25,6,FALSE),VLOOKUP($A6,NB_r!$A$2:$G$25,6,FALSE),F$2,TRUE) -> 0.15549653 | G6: =COUNTIF(INDEX($B$33:$Y$398,0,MATCH($A6,$B$32:$Y$32,0)),">="&G$2)/ROWS($A$33:$A$398) -> 0.12568306 | H6: =1-_xlfn.BETA.DIST(VLOOKUP($A6,NB_p!$A$2:$G$25,6,FALSE),VLOOKUP($A6,NB_r!$A$2:$G$25,6,FALSE),H$2,TRUE) -> 0.037106061 | I6: =COUNTIF(INDEX($B$33:$Y$398,0,MATCH($A6,$B$32:$Y$32,0)),">="&I$2)/ROWS($A$33:$A$398) -> 0.043715847 | J6: =1-_xlfn.BETA.DIST(VLOOKUP($A6,NB_p!$A$2:$G$25,6,FALSE),VLOOKUP($A6,NB_r!$A$2:$G$25,6,FALSE),J$2,TRUE) -> 0.0068896825 | K6: =COUNTIF(INDEX($B$33:$Y$398,0,MATCH($A6,$B$32:$Y$32,0)),">="&K$2)/ROWS($A$33:$A$398) -> 0.013661202
A7: 4 | B7: =1-_xlfn.BETA.DIST(VLOOKUP($A7,NB_p!$A$2:$G$25,6,FALSE),VLOOKUP($A7,NB_r!$A$2:$G$25,6,FALSE),B$2,TRUE) -> 0.85948874 | C7: =COUNTIF(INDEX($B$33:$Y$398,0,MATCH($A7,$B$32:$Y$32,0)),">="&C$2)/ROWS($A$33:$A$398) -> 0.8852459 | D7: =1-_xlfn.BETA.DIST(VLOOKUP($A7,NB_p!$A$2:$G$25,6,FALSE),VLOOKUP($A7,NB_r!$A$2:$G$25,6,FALSE),D$2,TRUE) -> 0.44440942 | E7: =COUNTIF(INDEX($B$33:$Y$398,0,MATCH($A7,$B$32:$Y$32,0)),">="&E$2)/ROWS($A$33:$A$398) -> 0.40437158 | F7: =1-_xlfn.BETA.DIST(VLOOKUP($A7,NB_p!$A$2:$G$25,6,FALSE),VLOOKUP($A7,NB_r!$A$2:$G$25,6,FALSE),F$2,TRUE) -> 0.13823479 | G7: =COUNTIF(INDEX($B$33:$Y$398,0,MATCH($A7,$B$32:$Y$32,0)),">="&G$2)/ROWS($A$33:$A$398) -> 0.1284153 | H7: =1-_xlfn.BETA.DIST(VLOOKUP($A7,NB_p!$A$2:$G$25,6,FALSE),VLOOKUP($A7,NB_r!$A$2:$G$25,6,FALSE),H$2,TRUE) -> 0.029357956 | I7: =COUNTIF(INDEX($B$33:$Y$398,0,MATCH($A7,$B$32:$Y$32,0)),">="&I$2)/ROWS($A$33:$A$398) -> 0.038251366 | J7: =1-_xlfn.BETA.DIST(VLOOKUP($A7,NB_p!$A$2:$G$25,6,FALSE),VLOOKUP($A7,NB_r!$A$2:$G$25,6,FALSE),J$2,TRUE) -> 0.0047130917 | K7: =COUNTIF(INDEX($B$33:$Y$398,0,MATCH($A7,$B$32:$Y$32,0)),">="&K$2)/ROWS($A$33:$A$398) -> 0.0081967213
A8: 5 | B8: =1-_xlfn.BETA.DIST(VLOOKUP($A8,NB_p!$A$2:$G$25,6,FALSE),VLOOKUP($A8,NB_r!$A$2:$G$25,6,FALSE),B$2,TRUE) -> 0.88953486 | C8: =COUNTIF(INDEX($B$33:$Y$398,0,MATCH($A8,$B$32:$Y$32,0)),">="&C$2)/ROWS($A$33:$A$398) -> 0.93989071 | D8: =1-_xlfn.BETA.DIST(VLOOKUP($A8,NB_p!$A$2:$G$25,6,FALSE),VLOOKUP($A8,NB_r!$A$2:$G$25,6,FALSE),D$2,TRUE) -> 0.56363364 | E8: =COUNTIF(INDEX($B$33:$Y$398,0,MATCH($A8,$B$32:$Y$32,0)),">="&E$2)/ROWS($A$33:$A$398) -> 0.56010929 | F8: =1-_xlfn.BETA.DIST(VLOOKUP($A8,NB_p!$A$2:$G$25,6,FALSE),VLOOKUP($A8,NB_r!$A$2:$G$25,6,FALSE),F$2,TRUE) -> 0.25912203 | G8: =COUNTIF(INDEX($B$33:$Y$398,0,MATCH($A8,$B$32:$Y$32,0)),">="&G$2)/ROWS($A$33:$A$398) -> 0.21311475 | H8: =1-_xlfn.BETA.DIST(VLOOKUP($A8,NB_p!$A$2:$G$25,6,FALSE),VLOOKUP($A8,NB_r!$A$2:$G$25,6,FALSE),H$2,TRUE) -> 0.09398046 | I8: =COUNTIF(INDEX($B$33:$Y$398,0,MATCH($A8,$B$32:$Y$32,0)),">="&I$2)/ROWS($A$33:$A$398) -> 0.073770492 | J8: =1-_xlfn.BETA.DIST(VLOOKUP($A8,NB_p!$A$2:$G$25,6,FALSE),VLOOKUP($A8,NB_r!$A$2:$G$25,6,FALSE),J$2,TRUE) -> 0.028699103 | K8: =COUNTIF(INDEX($B$33:$Y$398,0,MATCH($A8,$B$32:$Y$32,0)),">="&K$2)/ROWS($A$33:$A$398) -> 0.032786885
A9: 6 | B9: =1-_xlfn.BETA.DIST(VLOOKUP($A9,NB_p!$A$2:$G$25,6,FALSE),VLOOKUP($A9,NB_r!$A$2:$G$25,6,FALSE),B$2,TRUE) -> 0.97319436 | C9: =COUNTIF(INDEX($B$33:$Y$398,0,MATCH($A9,$B$32:$Y$32,0)),">="&C$2)/ROWS($A$33:$A$398) -> 0.9726776 | D9: =1-_xlfn.BETA.DIST(VLOOKUP($A9,NB_p!$A$2:$G$25,6,FALSE),VLOOKUP($A9,NB_r!$A$2:$G$25,6,FALSE),D$2,TRUE) -> 0.82922826 | E9: =COUNTIF(INDEX($B$33:$Y$398,0,MATCH($A9,$B$32:$Y$32,0)),">="&E$2)/ROWS($A$33:$A$398) -> 0.83606557 | F9: =1-_xlfn.BETA.DIST(VLOOKUP($A9,NB_p!$A$2:$G$25,6,FALSE),VLOOKUP($A9,NB_r!$A$2:$G$25,6,FALSE),F$2,TRUE) -> 0.58283956 | G9: =COUNTIF(INDEX($B$33:$Y$398,0,MATCH($A9,$B$32:$Y$32,0)),">="&G$2)/ROWS($A$33:$A$398) -> 0.59836066 | H9: =1-_xlfn.BETA.DIST(VLOOKUP($A9,NB_p!$A$2:$G$25,6,FALSE),VLOOKUP($A9,NB_r!$A$2:$G$25,6,FALSE),H$2,TRUE) -> 0.34187519 | I9: =COUNTIF(INDEX($B$33:$Y$398,0,MATCH($A9,$B$32:$Y$32,0)),">="&I$2)/ROWS($A$33:$A$398) -> 0.33879781 | J9: =1-_xlfn.BETA.DIST(VLOOKUP($A9,NB_p!$A$2:$G$25,6,FALSE),VLOOKUP($A9,NB_r!$A$2:$G$25,6,FALSE),J$2,TRUE) -> 0.1727765 | K9: =COUNTIF(INDEX($B$33:$Y$398,0,MATCH($A9,$B$32:$Y$32,0)),">="&K$2)/ROWS($A$33:$A$398) -> 0.16939891
A10: 23 | B10: =1-_xlfn.BETA.DIST(VLOOKUP($A10,NB_p!$A$2:$G$25,6,FALSE),VLOOKUP($A10,NB_r!$A$2:$G$25,6,FALSE),B$2,TRUE) -> 0.9741245 | C10: =COUNTIF(INDEX($B$33:$Y$398,0,MATCH($A10,$B$32:$Y$32,0)),">="&C$2)/ROWS($A$33:$A$398) -> 0.99180328 | D10: =1-_xlfn.BETA.DIST(VLOOKUP($A10,NB_p!$A$2:$G$25,6,FALSE),VLOOKUP($A10,NB_r!$A$2:$G$25,6,FALSE),D$2,TRUE) -> 0.82891422 | E10: =COUNTIF(INDEX($B$33:$Y$398,0,MATCH($A10,$B$32:$Y$32,0)),">="&E$2)/ROWS($A$33:$A$398) -> 0.86885246 | F10: =1-_xlfn.BETA.DIST(VLOOKUP($A10,NB_p!$A$2:$G$25,6,FALSE),VLOOKUP($A10,NB_r!$A$2:$G$25,6,FALSE),F$2,TRUE) -> 0.57630979 | G10: =COUNTIF(INDEX($B$33:$Y$398,0,MATCH($A10,$B$32:$Y$32,0)),">="&G$2)/ROWS($A$33:$A$398) -> 0.6010929 | H10: =1-_xlfn.BETA.DIST(VLOOKUP($A10,NB_p!$A$2:$G$25,6,FALSE),VLOOKUP($A10,NB_r!$A$2:$G$25,6,FALSE),H$2,TRUE) -> 0.33056574 | I10: =COUNTIF(INDEX($B$33:$Y$398,0,MATCH($A10,$B$32:$Y$32,0)),">="&I$2)/ROWS($A$33:$A$398) -> 0.29508197 | J10: =1-_xlfn.BETA.DIST(VLOOKUP($A10,NB_p!$A$2:$G$25,6,FALSE),VLOOKUP($A10,NB_r!$A$2:$G$25,6,FALSE),J$2,TRUE) -> 0.16169505 | K10: =COUNTIF(INDEX($B$33:$Y$398,0,MATCH($A10,$B$32:$Y$32,0)),">="&K$2)/ROWS($A$33:$A$398) -> 0.12021858
B11: NG_P(X≥5) | C11: Actual_P(X≥5) | D11: NG_P(X≥10) | E11: Actual_P(X≥10) | F11: NG_P(X≥15) | G11: Actual_P(X≥15) | H11: NG_P(X≥20) | I11: Actual_P(X≥20) | J11: NG_P(X≥25) | K11: Actual_P(X≥25) | L11: NG_P(X≥30) | M11: Actual_P(X≥30)
A12: Mid_frequency_hour | B12: 5 | C12: 5 | D12: 10 | E12: 10 | F12: 15 | G12: 15 | H12: 20 | I12: 20 | J12: 25 | K12: 25 | L12: 30 | M12: 30
A13: 7 | B13: =1-_xlfn.BETA.DIST(VLOOKUP($A13,NB_p!$A$2:$G$25,6,FALSE),VLOOKUP($A13,NB_r!$A$2:$G$25,6,FALSE),B$12,TRUE) -> 0.96398872 | C13: =COUNTIF(INDEX($B$33:$Y$398,0,MATCH($A13,$B$32:$Y$32,0)),">="&C$12)/ROWS($A$33:$A$398) -> 0.9863388 | D13: =1-_xlfn.BETA.DIST(VLOOKUP($A13,NB_p!$A$2:$G$25,6,FALSE),VLOOKUP($A13,NB_r!$A$2:$G$25,6,FALSE),D$12,TRUE) -> 0.78934527 | E13: =COUNTIF(INDEX($B$33:$Y$398,0,MATCH($A13,$B$32:$Y$32,0)),">="&E$12)/ROWS($A$33:$A$398) -> 0.79508197 | F13: =1-_xlfn.BETA.DIST(VLOOKUP($A13,NB_p!$A$2:$G$25,6,FALSE),VLOOKUP($A13,NB_r!$A$2:$G$25,6,FALSE),F$12,TRUE) -> 0.53130726 | G13: =COUNTIF(INDEX($B$33:$Y$398,0,MATCH($A13,$B$32:$Y$32,0)),">="&G$12)/ROWS($A$33:$A$398) -> 0.56010929 | H13: =1-_xlfn.BETA.DIST(VLOOKUP($A13,NB_p!$A$2:$G$25,6,FALSE),VLOOKUP($A13,NB_r!$A$2:$G$25,6,FALSE),H$12,TRUE) -> 0.30436011 | I13: =COUNTIF(INDEX($B$33:$Y$398,0,MATCH($A13,$B$32:$Y$32,0)),">="&I$12)/ROWS($A$33:$A$398) -> 0.29234973 | J13: =1-_xlfn.BETA.DIST(VLOOKUP($A13,NB_p!$A$2:$G$25,6,FALSE),VLOOKUP($A13,NB_r!$A$2:$G$25,6,FALSE),J$12,TRUE) -> 0.1542131 | K13: =COUNTIF(INDEX($B$33:$Y$398,0,MATCH($A13,$B$32:$Y$32,0)),">="&K$12)/ROWS($A$33:$A$398) -> 0.12295082 | L13: =1-_xlfn.BETA.DIST(VLOOKUP($A13,NB_p!$A$2:$G$25,6,FALSE),VLOOKUP($A13,NB_r!$A$2:$G$25,6,FALSE),L$12,TRUE) -> 0.071167475 | M13: =COUNTIF(INDEX($B$33:$Y$398,0,MATCH($A13,$B$32:$Y$32,0)),">="&M$12)/ROWS($A$33:$A$398) -> 0.032786885
A14: 8 | B14: =1-_xlfn.BETA.DIST(VLOOKUP($A14,NB_p!$A$2:$G$25,6,FALSE),VLOOKUP($A14,NB_r!$A$2:$G$25,6,FALSE),B$12,TRUE) -> 0.99150299 | C14: =COUNTIF(INDEX($B$33:$Y$398,0,MATCH($A14,$B$32:$Y$32,0)),">="&C$12)/ROWS($A$33:$A$398) -> 0.99180328 | D14: =1-_xlfn.BETA.DIST(VLOOKUP($A14,NB_p!$A$2:$G$25,6,FALSE),VLOOKUP($A14,NB_r!$A$2:$G$25,6,FALSE),D$12,TRUE) -> 0.90842914 | E14: =COUNTIF(INDEX($B$33:$Y$398,0,MATCH($A14,$B$32:$Y$32,0)),">="&E$12)/ROWS($A$33:$A$398) -> 0.90163934 | F14: =1-_xlfn.BETA.DIST(VLOOKUP($A14,NB_p!$A$2:$G$25,6,FALSE),VLOOKUP($A14,NB_r!$A$2:$G$25,6,FALSE),F$12,TRUE) -> 0.70836102 | G14: =COUNTIF(INDEX($B$33:$Y$398,0,MATCH($A14,$B$32:$Y$32,0)),">="&G$12)/ROWS($A$33:$A$398) -> 0.71584699 | H14: =1-_xlfn.BETA.DIST(VLOOKUP($A14,NB_p!$A$2:$G$25,6,FALSE),VLOOKUP($A14,NB_r!$A$2:$G$25,6,FALSE),H$12,TRUE) -> 0.46300365 | I14: =COUNTIF(INDEX($B$33:$Y$398,0,MATCH($A14,$B$32:$Y$32,0)),">="&I$12)/ROWS($A$33:$A$398) -> 0.48087432 | J14: =1-_xlfn.BETA.DIST(VLOOKUP($A14,NB_p!$A$2:$G$25,6,FALSE),VLOOKUP($A14,NB_r!$A$2:$G$25,6,FALSE),J$12,TRUE) -> 0.25932388 | K14: =COUNTIF(INDEX($B$33:$Y$398,0,MATCH($A14,$B$32:$Y$32,0)),">="&K$12)/ROWS($A$33:$A$398) -> 0.22677596 | L14: =1-_xlfn.BETA.DIST(VLOOKUP($A14,NB_p!$A$2:$G$25,6,FALSE),VLOOKUP($A14,NB_r!$A$2:$G$25,6,FALSE),L$12,TRUE) -> 0.12801041 | M14: =COUNTIF(INDEX($B$33:$Y$398,0,MATCH($A14,$B$32:$Y$32,0)),">="&M$12)/ROWS($A$33:$A$398) -> 0.12568306
A15: 19 | B15: =1-_xlfn.BETA.DIST(VLOOKUP($A15,NB_p!$A$2:$G$25,6,FALSE),VLOOKUP($A15,NB_r!$A$2:$G$25,6,FALSE),B$12,TRUE) -> 0.99654816 | C15: =COUNTIF(INDEX($B$33:$Y$398,0,MATCH($A15,$B$32:$Y$32,0)),">="&C$12)/ROWS($A$33:$A$398) -> 0.99453552 | D15: =1-_xlfn.BETA.DIST(VLOOKUP($A15,NB_p!$A$2:$G$25,6,FALSE),VLOOKUP($A15,NB_r!$A$2:$G$25,6,FALSE),D$12,TRUE) -> 0.93535771 | E15: =COUNTIF(INDEX($B$33:$Y$398,0,MATCH($A15,$B$32:$Y$32,0)),">="&E$12)/ROWS($A$33:$A$398) -> 0.9726776 | F15: =1-_xlfn.BETA.DIST(VLOOKUP($A15,NB_p!$A$2:$G$25,6,FALSE),VLOOKUP($A15,NB_r!$A$2:$G$25,6,FALSE),F$12,TRUE) -> 0.73106659 | G15: =COUNTIF(INDEX($B$33:$Y$398,0,MATCH($A15,$B$32:$Y$32,0)),">="&G$12)/ROWS($A$33:$A$398) -> 0.74590164 | H15: =1-_xlfn.BETA.DIST(VLOOKUP($A15,NB_p!$A$2:$G$25,6,FALSE),VLOOKUP($A15,NB_r!$A$2:$G$25,6,FALSE),H$12,TRUE) -> 0.44713283 | I15: =COUNTIF(INDEX($B$33:$Y$398,0,MATCH($A15,$B$32:$Y$32,0)),">="&I$12)/ROWS($A$33:$A$398) -> 0.44808743 | J15: =1-_xlfn.BETA.DIST(VLOOKUP($A15,NB_p!$A$2:$G$25,6,FALSE),VLOOKUP($A15,NB_r!$A$2:$G$25,6,FALSE),J$12,TRUE) -> 0.21657107 | K15: =COUNTIF(INDEX($B$33:$Y$398,0,MATCH($A15,$B$32:$Y$32,0)),">="&K$12)/ROWS($A$33:$A$398) -> 0.18852459 | L15: =1-_xlfn.BETA.DIST(VLOOKUP($A15,NB_p!$A$2:$G$25,6,FALSE),VLOOKUP($A15,NB_r!$A$2:$G$25,6,FALSE),L$12,TRUE) -> 0.08611284 | M15: =COUNTIF(INDEX($B$33:$Y$398,0,MATCH($A15,$B$32:$Y$32,0)),">="&M$12)/ROWS($A$33:$A$398) -> 0.057377049
A16: 20 | B16: =1-_xlfn.BETA.DIST(VLOOKUP($A16,NB_p!$A$2:$G$25,6,FALSE),VLOOKUP($A16,NB_r!$A$2:$G$25,6,FALSE),B$12,TRUE) -> 0.98827442 | C16: =COUNTIF(INDEX($B$33:$Y$398,0,MATCH($A16,$B$32:$Y$32,0)),">="&C$12)/ROWS($A$33:$A$398) -> 0.99726776 | D16: =1-_xlfn.BETA.DIST(VLOOKUP($A16,NB_p!$A$2:$G$25,6,FALSE),VLOOKUP($A16,NB_r!$A$2:$G$25,6,FALSE),D$12,TRUE) -> 0.8635351 | E16: =COUNTIF(INDEX($B$33:$Y$398,0,MATCH($A16,$B$32:$Y$32,0)),">="&E$12)/ROWS($A$33:$A$398) -> 0.93715847 | F16: =1-_xlfn.BETA.DIST(VLOOKUP($A16,NB_p!$A$2:$G$25,6,FALSE),VLOOKUP($A16,NB_r!$A$2:$G$25,6,FALSE),F$12,TRUE) -> 0.58527605 | G16: =COUNTIF(INDEX($B$33:$Y$398,0,MATCH($A16,$B$32:$Y$32,0)),">="&G$12)/ROWS($A$33:$A$398) -> 0.62021858 | H16: =1-_xlfn.BETA.DIST(VLOOKUP($A16,NB_p!$A$2:$G$25,6,FALSE),VLOOKUP($A16,NB_r!$A$2:$G$25,6,FALSE),H$12,TRUE) -> 0.30388154 | I16: =COUNTIF(INDEX($B$33:$Y$398,0,MATCH($A16,$B$32:$Y$32,0)),">="&I$12)/ROWS($A$33:$A$398) -> 0.22404372 | J16: =1-_xlfn.BETA.DIST(VLOOKUP($A16,NB_p!$A$2:$G$25,6,FALSE),VLOOKUP($A16,NB_r!$A$2:$G$25,6,FALSE),J$12,TRUE) -> 0.12616928 | K16: =COUNTIF(INDEX($B$33:$Y$398,0,MATCH($A16,$B$32:$Y$32,0)),">="&K$12)/ROWS($A$33:$A$398) -> 0.06284153 | L16: =1-_xlfn.BETA.DIST(VLOOKUP($A16,NB_p!$A$2:$G$25,6,FALSE),VLOOKUP($A16,NB_r!$A$2:$G$25,6,FALSE),L$12,TRUE) -> 0.043867177 | M16: =COUNTIF(INDEX($B$33:$Y$398,0,MATCH($A16,$B$32:$Y$32,0)),">="&M$12)/ROWS($A$33:$A$398) -> 0.019125683
A17: 21 | B17: =1-_xlfn.BETA.DIST(VLOOKUP($A17,NB_p!$A$2:$G$25,6,FALSE),VLOOKUP($A17,NB_r!$A$2:$G$25,6,FALSE),B$12,TRUE) -> 0.9490717 | C17: =COUNTIF(INDEX($B$33:$Y$398,0,MATCH($A17,$B$32:$Y$32,0)),">="&C$12)/ROWS($A$33:$A$398) -> 0.99180328 | D17: =1-_xlfn.BETA.DIST(VLOOKUP($A17,NB_p!$A$2:$G$25,6,FALSE),VLOOKUP($A17,NB_r!$A$2:$G$25,6,FALSE),D$12,TRUE) -> 0.72320338 | E17: =COUNTIF(INDEX($B$33:$Y$398,0,MATCH($A17,$B$32:$Y$32,0)),">="&E$12)/ROWS($A$33:$A$398) -> 0.83060109 | F17: =1-_xlfn.BETA.DIST(VLOOKUP($A17,NB_p!$A$2:$G$25,6,FALSE),VLOOKUP($A17,NB_r!$A$2:$G$25,6,FALSE),F$12,TRUE) -> 0.43150685 | G17: =COUNTIF(INDEX($B$33:$Y$398,0,MATCH($A17,$B$32:$Y$32,0)),">="&G$12)/ROWS($A$33:$A$398) -> 0.40437158 | H17: =1-_xlfn.BETA.DIST(VLOOKUP($A17,NB_p!$A$2:$G$25,6,FALSE),VLOOKUP($A17,NB_r!$A$2:$G$25,6,FALSE),H$12,TRUE) -> 0.21276929 | I17: =COUNTIF(INDEX($B$33:$Y$398,0,MATCH($A17,$B$32:$Y$32,0)),">="&I$12)/ROWS($A$33:$A$398) -> 0.12021858 | J17: =1-_xlfn.BETA.DIST(VLOOKUP($A17,NB_p!$A$2:$G$25,6,FALSE),VLOOKUP($A17,NB_r!$A$2:$G$25,6,FALSE),J$12,TRUE) -> 0.091163219 | K17: =COUNTIF(INDEX($B$33:$Y$398,0,MATCH($A17,$B$32:$Y$32,0)),">="&K$12)/ROWS($A$33:$A$398) -> 0.027322404 | L17: =1-_xlfn.BETA.DIST(VLOOKUP($A17,NB_p!$A$2:$G$25,6,FALSE),VLOOKUP($A17,NB_r!$A$2:$G$25,6,FALSE),L$12,TRUE) -> 0.035172954 | M17: =COUNTIF(INDEX($B$33:$Y$398,0,MATCH($A17,$B$32:$Y$32,0)),">="&M$12)/ROWS($A$33:$A$398) -> 0.010928962
A18: 22 | B18: =1-_xlfn.BETA.DIST(VLOOKUP($A18,NB_p!$A$2:$G$25,6,FALSE),VLOOKUP($A18,NB_r!$A$2:$G$25,6,FALSE),B$12,TRUE) -> 0.93252923 | C18: =COUNTIF(INDEX($B$33:$Y$398,0,MATCH($A18,$B$32:$Y$32,0)),">="&C$12)/ROWS($A$33:$A$398) -> 0.97540984 | D18: =1-_xlfn.BETA.DIST(VLOOKUP($A18,NB_p!$A$2:$G$25,6,FALSE),VLOOKUP($A18,NB_r!$A$2:$G$25,6,FALSE),D$12,TRUE) -> 0.6313907 | E18: =COUNTIF(INDEX($B$33:$Y$398,0,MATCH($A18,$B$32:$Y$32,0)),">="&E$12)/ROWS($A$33:$A$398) -> 0.66666667 | F18: =1-_xlfn.BETA.DIST(VLOOKUP($A18,NB_p!$A$2:$G$25,6,FALSE),VLOOKUP($A18,NB_r!$A$2:$G$25,6,FALSE),F$12,TRUE) -> 0.29938237 | G18: =COUNTIF(INDEX($B$33:$Y$398,0,MATCH($A18,$B$32:$Y$32,0)),">="&G$12)/ROWS($A$33:$A$398) -> 0.25409836 | H18: =1-_xlfn.BETA.DIST(VLOOKUP($A18,NB_p!$A$2:$G$25,6,FALSE),VLOOKUP($A18,NB_r!$A$2:$G$25,6,FALSE),H$12,TRUE) -> 0.10845593 | I18: =COUNTIF(INDEX($B$33:$Y$398,0,MATCH($A18,$B$32:$Y$32,0)),">="&I$12)/ROWS($A$33:$A$398) -> 0.06284153 | J18: =1-_xlfn.BETA.DIST(VLOOKUP($A18,NB_p!$A$2:$G$25,6,FALSE),VLOOKUP($A18,NB_r!$A$2:$G$25,6,FALSE),J$12,TRUE) -> 0.032376152 | K18: =COUNTIF(INDEX($B$33:$Y$398,0,MATCH($A18,$B$32:$Y$32,0)),">="&K$12)/ROWS($A$33:$A$398) -> 0.021857923 | L18: =1-_xlfn.BETA.DIST(VLOOKUP($A18,NB_p!$A$2:$G$25,6,FALSE),VLOOKUP($A18,NB_r!$A$2:$G$25,6,FALSE),L$12,TRUE) -> 0.0083846617 | M18: =COUNTIF(INDEX($B$33:$Y$398,0,MATCH($A18,$B$32:$Y$32,0)),">="&M$12)/ROWS($A$33:$A$398) -> 0.0054644809
B19: NG_P(X≥10) | C19: Actual_P(X≥10) | D19: NG_P(X≥15) | E19: Actual_P(X≥15) | F19: NG_P(X≥20) | G19: Actual_P(X≥20) | H19: NG_P(X≥25) | I19: Actual_P(X≥25) | J19: NG_P(X≥30) | K19: Actual_P(X≥30) | L19: NG_P(X≥35) | M19: Actual_P(X≥35) | N19: NG_P(X≥40) | O19: Actual_P(X≥40)
A20: High_frequency_hour | B20: 10 | C20: 10 | D20: 15 | E20: 15 | F20: 20 | G20: 20 | H20: 25 | I20: 25 | J20: 30 | K20: 30 | L20: 35 | M20: 35 | N20: 40 | O20: 40
A21: 9 | B21: =1-_xlfn.BETA.DIST(VLOOKUP($A21,NB_p!$A$2:$G$25,6,FALSE),VLOOKUP($A21,NB_r!$A$2:$G$25,6,FALSE),B$20,TRUE) -> 0.96096463 | C21: =COUNTIF(INDEX($B$33:$Y$398,0,MATCH($A21,$B$32:$Y$32,0)),">="&C$20)/ROWS($A$33:$A$398) -> 0.98087432 | D21: =1-_xlfn.BETA.DIST(VLOOKUP($A21,NB_p!$A$2:$G$25,6,FALSE),VLOOKUP($A21,NB_r!$A$2:$G$25,6,FALSE),D$20,TRUE) -> 0.80858666 | E21: =COUNTIF(INDEX($B$33:$Y$398,0,MATCH($A21,$B$32:$Y$32,0)),">="&E$20)/ROWS($A$33:$A$398) -> 0.81693989 | F21: =1-_xlfn.BETA.DIST(VLOOKUP($A21,NB_p!$A$2:$G$25,6,FALSE),VLOOKUP($A21,NB_r!$A$2:$G$25,6,FALSE),F$20,TRUE) -> 0.55293214 | G21: =COUNTIF(INDEX($B$33:$Y$398,0,MATCH($A21,$B$32:$Y$32,0)),">="&G$20)/ROWS($A$33:$A$398) -> 0.55464481 | H21: =1-_xlfn.BETA.DIST(VLOOKUP($A21,NB_p!$A$2:$G$25,6,FALSE),VLOOKUP($A21,NB_r!$A$2:$G$25,6,FALSE),H$20,TRUE) -> 0.30508819 | I21: =COUNTIF(INDEX($B$33:$Y$398,0,MATCH($A21,$B$32:$Y$32,0)),">="&I$20)/ROWS($A$33:$A$398) -> 0.28142077 | J21: =1-_xlfn.BETA.DIST(VLOOKUP($A21,NB_p!$A$2:$G$25,6,FALSE),VLOOKUP($A21,NB_r!$A$2:$G$25,6,FALSE),J$20,TRUE) -> 0.13920269 | K21: =COUNTIF(INDEX($B$33:$Y$398,0,MATCH($A21,$B$32:$Y$32,0)),">="&K$20)/ROWS($A$33:$A$398) -> 0.11748634 | L21: =1-_xlfn.BETA.DIST(VLOOKUP($A21,NB_p!$A$2:$G$25,6,FALSE),VLOOKUP($A21,NB_r!$A$2:$G$25,6,FALSE),L$20,TRUE) -> 0.05413517 | M21: =COUNTIF(INDEX($B$33:$Y$398,0,MATCH($A21,$B$32:$Y$32,0)),">="&M$20)/ROWS($A$33:$A$398) -> 0.046448087 | N21: =1-_xlfn.BETA.DIST(VLOOKUP($A21,NB_p!$A$2:$G$25,6,FALSE),VLOOKUP($A21,NB_r!$A$2:$G$25,6,FALSE),N$20,TRUE) -> 0.018435653 | O21: =COUNTIF(INDEX($B$33:$Y$398,0,MATCH($A21,$B$32:$Y$32,0)),">="&O$20)/ROWS($A$33:$A$398) -> 0.024590164
A22: 10 | B22: =1-_xlfn.BETA.DIST(VLOOKUP($A22,NB_p!$A$2:$G$25,6,FALSE),VLOOKUP($A22,NB_r!$A$2:$G$25,6,FALSE),B$20,TRUE) -> 0.98255881 | C22: =COUNTIF(INDEX($B$33:$Y$398,0,MATCH($A22,$B$32:$Y$32,0)),">="&C$20)/ROWS($A$33:$A$398) -> 0.98360656 | D22: =1-_xlfn.BETA.DIST(VLOOKUP($A22,NB_p!$A$2:$G$25,6,FALSE),VLOOKUP($A22,NB_r!$A$2:$G$25,6,FALSE),D$20,TRUE) -> 0.86082017 | E22: =COUNTIF(INDEX($B$33:$Y$398,0,MATCH($A22,$B$32:$Y$32,0)),">="&E$20)/ROWS($A$33:$A$398) -> 0.87431694 | F22: =1-_xlfn.BETA.DIST(VLOOKUP($A22,NB_p!$A$2:$G$25,6,FALSE),VLOOKUP($A22,NB_r!$A$2:$G$25,6,FALSE),F$20,TRUE) -> 0.58452905 | G22: =COUNTIF(INDEX($B$33:$Y$398,0,MATCH($A22,$B$32:$Y$32,0)),">="&G$20)/ROWS($A$33:$A$398) -> 0.57650273 | H22: =1-_xlfn.BETA.DIST(VLOOKUP($A22,NB_p!$A$2:$G$25,6,FALSE),VLOOKUP($A22,NB_r!$A$2:$G$25,6,FALSE),H$20,TRUE) -> 0.28989371 | I22: =COUNTIF(INDEX($B$33:$Y$398,0,MATCH($A22,$B$32:$Y$32,0)),">="&I$20)/ROWS($A$33:$A$398) -> 0.28142077 | J22: =1-_xlfn.BETA.DIST(VLOOKUP($A22,NB_p!$A$2:$G$25,6,FALSE),VLOOKUP($A22,NB_r!$A$2:$G$25,6,FALSE),J$20,TRUE) -> 0.10644037 | K22: =COUNTIF(INDEX($B$33:$Y$398,0,MATCH($A22,$B$32:$Y$32,0)),">="&K$20)/ROWS($A$33:$A$398) -> 0.10382514 | L22: =1-_xlfn.BETA.DIST(VLOOKUP($A22,NB_p!$A$2:$G$25,6,FALSE),VLOOKUP($A22,NB_r!$A$2:$G$25,6,FALSE),L$20,TRUE) -> 0.030066047 | M22: =COUNTIF(INDEX($B$33:$Y$398,0,MATCH($A22,$B$32:$Y$32,0)),">="&M$20)/ROWS($A$33:$A$398) -> 0.027322404 | N22: =1-_xlfn.BETA.DIST(VLOOKUP($A22,NB_p!$A$2:$G$25,6,FALSE),VLOOKUP($A22,NB_r!$A$2:$G$25,6,FALSE),N$20,TRUE) -> 0.0067986139 | O22: =COUNTIF(INDEX($B$33:$Y$398,0,MATCH($A22,$B$32:$Y$32,0)),">="&O$20)/ROWS($A$33:$A$398) -> 0.010928962
A23: 11 | B23: =1-_xlfn.BETA.DIST(VLOOKUP($A23,NB_p!$A$2:$G$25,6,FALSE),VLOOKUP($A23,NB_r!$A$2:$G$25,6,FALSE),B$20,TRUE) -> 0.98665122 | C23: =COUNTIF(INDEX($B$33:$Y$398,0,MATCH($A23,$B$32:$Y$32,0)),">="&C$20)/ROWS($A$33:$A$398) -> 0.9863388 | D23: =1-_xlfn.BETA.DIST(VLOOKUP($A23,NB_p!$A$2:$G$25,6,FALSE),VLOOKUP($A23,NB_r!$A$2:$G$25,6,FALSE),D$20,TRUE) -> 0.88476916 | E23: =COUNTIF(INDEX($B$33:$Y$398,0,MATCH($A23,$B$32:$Y$32,0)),">="&E$20)/ROWS($A$33:$A$398) -> 0.8989071 | F23: =1-_xlfn.BETA.DIST(VLOOKUP($A23,NB_p!$A$2:$G$25,6,FALSE),VLOOKUP($A23,NB_r!$A$2:$G$25,6,FALSE),F$20,TRUE) -> 0.63172156 | G23: =COUNTIF(INDEX($B$33:$Y$398,0,MATCH($A23,$B$32:$Y$32,0)),">="&G$20)/ROWS($A$33:$A$398) -> 0.63387978 | H23: =1-_xlfn.BETA.DIST(VLOOKUP($A23,NB_p!$A$2:$G$25,6,FALSE),VLOOKUP($A23,NB_r!$A$2:$G$25,6,FALSE),H$20,TRUE) -> 0.33585426 | I23: =COUNTIF(INDEX($B$33:$Y$398,0,MATCH($A23,$B$32:$Y$32,0)),">="&I$20)/ROWS($A$33:$A$398) -> 0.33333333 | J23: =1-_xlfn.BETA.DIST(VLOOKUP($A23,NB_p!$A$2:$G$25,6,FALSE),VLOOKUP($A23,NB_r!$A$2:$G$25,6,FALSE),J$20,TRUE) -> 0.13362806 | K23: =COUNTIF(INDEX($B$33:$Y$398,0,MATCH($A23,$B$32:$Y$32,0)),">="&K$20)/ROWS($A$33:$A$398) -> 0.12295082 | L23: =1-_xlfn.BETA.DIST(VLOOKUP($A23,NB_p!$A$2:$G$25,6,FALSE),VLOOKUP($A23,NB_r!$A$2:$G$25,6,FALSE),L$20,TRUE) -> 0.041140342 | M23: =COUNTIF(INDEX($B$33:$Y$398,0,MATCH($A23,$B$32:$Y$32,0)),">="&M$20)/ROWS($A$33:$A$398) -> 0.035519126 | N23: =1-_xlfn.BETA.DIST(VLOOKUP($A23,NB_p!$A$2:$G$25,6,FALSE),VLOOKUP($A23,NB_r!$A$2:$G$25,6,FALSE),N$20,TRUE) -> 0.010172296 | O23: =COUNTIF(INDEX($B$33:$Y$398,0,MATCH($A23,$B$32:$Y$32,0)),">="&O$20)/ROWS($A$33:$A$398) -> 0.019125683
A24: 12 | B24: =1-_xlfn.BETA.DIST(VLOOKUP($A24,NB_p!$A$2:$G$25,6,FALSE),VLOOKUP($A24,NB_r!$A$2:$G$25,6,FALSE),B$20,TRUE) -> 0.98785539 | C24: =COUNTIF(INDEX($B$33:$Y$398,0,MATCH($A24,$B$32:$Y$32,0)),">="&C$20)/ROWS($A$33:$A$398) -> 0.99180328 | D24: =1-_xlfn.BETA.DIST(VLOOKUP($A24,NB_p!$A$2:$G$25,6,FALSE),VLOOKUP($A24,NB_r!$A$2:$G$25,6,FALSE),D$20,TRUE) -> 0.90250645 | E24: =COUNTIF(INDEX($B$33:$Y$398,0,MATCH($A24,$B$32:$Y$32,0)),">="&E$20)/ROWS($A$33:$A$398) -> 0.92349727 | F24: =1-_xlfn.BETA.DIST(VLOOKUP($A24,NB_p!$A$2:$G$25,6,FALSE),VLOOKUP($A24,NB_r!$A$2:$G$25,6,FALSE),F$20,TRUE) -> 0.6881012 | G24: =COUNTIF(INDEX($B$33:$Y$398,0,MATCH($A24,$B$32:$Y$32,0)),">="&G$20)/ROWS($A$33:$A$398) -> 0.69398907 | H24: =1-_xlfn.BETA.DIST(VLOOKUP($A24,NB_p!$A$2:$G$25,6,FALSE),VLOOKUP($A24,NB_r!$A$2:$G$25,6,FALSE),H$20,TRUE) -> 0.41471616 | I24: =COUNTIF(INDEX($B$33:$Y$398,0,MATCH($A24,$B$32:$Y$32,0)),">="&I$20)/ROWS($A$33:$A$398) -> 0.40437158 | J24: =1-_xlfn.BETA.DIST(VLOOKUP($A24,NB_p!$A$2:$G$25,6,FALSE),VLOOKUP($A24,NB_r!$A$2:$G$25,6,FALSE),J$20,TRUE) -> 0.19781737 | K24: =COUNTIF(INDEX($B$33:$Y$398,0,MATCH($A24,$B$32:$Y$32,0)),">="&K$20)/ROWS($A$33:$A$398) -> 0.17486339 | L24: =1-_xlfn.BETA.DIST(VLOOKUP($A24,NB_p!$A$2:$G$25,6,FALSE),VLOOKUP($A24,NB_r!$A$2:$G$25,6,FALSE),L$20,TRUE) -> 0.076570511 | M24: =COUNTIF(INDEX($B$33:$Y$398,0,MATCH($A24,$B$32:$Y$32,0)),">="&M$20)/ROWS($A$33:$A$398) -> 0.071038251 | N24: =1-_xlfn.BETA.DIST(VLOOKUP($A24,NB_p!$A$2:$G$25,6,FALSE),VLOOKUP($A24,NB_r!$A$2:$G$25,6,FALSE),N$20,TRUE) -> 0.02476811 | O24: =COUNTIF(INDEX($B$33:$Y$398,0,MATCH($A24,$B$32:$Y$32,0)),">="&O$20)/ROWS($A$33:$A$398) -> 0.016393443
A25: 13 | B25: =1-_xlfn.BETA.DIST(VLOOKUP($A25,NB_p!$A$2:$G$25,6,FALSE),VLOOKUP($A25,NB_r!$A$2:$G$25,6,FALSE),B$20,TRUE) -> 0.98994522 | C25: =COUNTIF(INDEX($B$33:$Y$398,0,MATCH($A25,$B$32:$Y$32,0)),">="&C$20)/ROWS($A$33:$A$398) -> 0.98360656 | D25: =1-_xlfn.BETA.DIST(VLOOKUP($A25,NB_p!$A$2:$G$25,6,FALSE),VLOOKUP($A25,NB_r!$A$2:$G$25,6,FALSE),D$20,TRUE) -> 0.90608146 | E25: =COUNTIF(INDEX($B$33:$Y$398,0,MATCH($A25,$B$32:$Y$32,0)),">="&E$20)/ROWS($A$33:$A$398) -> 0.90983607 | F25: =1-_xlfn.BETA.DIST(VLOOKUP($A25,NB_p!$A$2:$G$25,6,FALSE),VLOOKUP($A25,NB_r!$A$2:$G$25,6,FALSE),F$20,TRUE) -> 0.67812735 | G25: =COUNTIF(INDEX($B$33:$Y$398,0,MATCH($A25,$B$32:$Y$32,0)),">="&G$20)/ROWS($A$33:$A$398) -> 0.68032787 | H25: =1-_xlfn.BETA.DIST(VLOOKUP($A25,NB_p!$A$2:$G$25,6,FALSE),VLOOKUP($A25,NB_r!$A$2:$G$25,6,FALSE),H$20,TRUE) -> 0.38577279 | I25: =COUNTIF(INDEX($B$33:$Y$398,0,MATCH($A25,$B$32:$Y$32,0)),">="&I$20)/ROWS($A$33:$A$398) -> 0.40710383 | J25: =1-_xlfn.BETA.DIST(VLOOKUP($A25,NB_p!$A$2:$G$25,6,FALSE),VLOOKUP($A25,NB_r!$A$2:$G$25,6,FALSE),J$20,TRUE) -> 0.1662337 | K25: =COUNTIF(INDEX($B$33:$Y$398,0,MATCH($A25,$B$32:$Y$32,0)),">="&K$20)/ROWS($A$33:$A$398) -> 0.1557377 | L25: =1-_xlfn.BETA.DIST(VLOOKUP($A25,NB_p!$A$2:$G$25,6,FALSE),VLOOKUP($A25,NB_r!$A$2:$G$25,6,FALSE),L$20,TRUE) -> 0.055801841 | M25: =COUNTIF(INDEX($B$33:$Y$398,0,MATCH($A25,$B$32:$Y$32,0)),">="&M$20)/ROWS($A$33:$A$398) -> 0.06284153 | N25: =1-_xlfn.BETA.DIST(VLOOKUP($A25,NB_p!$A$2:$G$25,6,FALSE),VLOOKUP($A25,NB_r!$A$2:$G$25,6,FALSE),N$20,TRUE) -> 0.015102106 | O25: =COUNTIF(INDEX($B$33:$Y$398,0,MATCH($A25,$B$32:$Y$32,0)),">="&O$20)/ROWS($A$33:$A$398) -> 0.010928962
A26: 14 | B26: =1-_xlfn.BETA.DIST(VLOOKUP($A26,NB_p!$A$2:$G$25,6,FALSE),VLOOKUP($A26,NB_r!$A$2:$G$25,6,FALSE),B$20,TRUE) -> 0.99419981 | C26: =COUNTIF(INDEX($B$33:$Y$398,0,MATCH($A26,$B$32:$Y$32,0)),">="&C$20)/ROWS($A$33:$A$398) -> 0.99453552 | D26: =1-_xlfn.BETA.DIST(VLOOKUP($A26,NB_p!$A$2:$G$25,6,FALSE),VLOOKUP($A26,NB_r!$A$2:$G$25,6,FALSE),D$20,TRUE) -> 0.92871957 | E26: =COUNTIF(INDEX($B$33:$Y$398,0,MATCH($A26,$B$32:$Y$32,0)),">="&E$20)/ROWS($A$33:$A$398) -> 0.93715847 | F26: =1-_xlfn.BETA.DIST(VLOOKUP($A26,NB_p!$A$2:$G$25,6,FALSE),VLOOKUP($A26,NB_r!$A$2:$G$25,6,FALSE),F$20,TRUE) -> 0.71255582 | G26: =COUNTIF(INDEX($B$33:$Y$398,0,MATCH($A26,$B$32:$Y$32,0)),">="&G$20)/ROWS($A$33:$A$398) -> 0.71857923 | H26: =1-_xlfn.BETA.DIST(VLOOKUP($A26,NB_p!$A$2:$G$25,6,FALSE),VLOOKUP($A26,NB_r!$A$2:$G$25,6,FALSE),H$20,TRUE) -> 0.40437468 | I26: =COUNTIF(INDEX($B$33:$Y$398,0,MATCH($A26,$B$32:$Y$32,0)),">="&I$20)/ROWS($A$33:$A$398) -> 0.3989071 | J26: =1-_xlfn.BETA.DIST(VLOOKUP($A26,NB_p!$A$2:$G$25,6,FALSE),VLOOKUP($A26,NB_r!$A$2:$G$25,6,FALSE),J$20,TRUE) -> 0.16611923 | K26: =COUNTIF(INDEX($B$33:$Y$398,0,MATCH($A26,$B$32:$Y$32,0)),">="&K$20)/ROWS($A$33:$A$398) -> 0.14480874 | L26: =1-_xlfn.BETA.DIST(VLOOKUP($A26,NB_p!$A$2:$G$25,6,FALSE),VLOOKUP($A26,NB_r!$A$2:$G$25,6,FALSE),L$20,TRUE) -> 0.050628694 | M26: =COUNTIF(INDEX($B$33:$Y$398,0,MATCH($A26,$B$32:$Y$32,0)),">="&M$20)/ROWS($A$33:$A$398) -> 0.054644809 | N26: =1-_xlfn.BETA.DIST(VLOOKUP($A26,NB_p!$A$2:$G$25,6,FALSE),VLOOKUP($A26,NB_r!$A$2:$G$25,6,FALSE),N$20,TRUE) -> 0.011880398 | O26: =COUNTIF(INDEX($B$33:$Y$398,0,MATCH($A26,$B$32:$Y$32,0)),">="&O$20)/ROWS($A$33:$A$398) -> 0.010928962
A27: 15 | B27: =1-_xlfn.BETA.DIST(VLOOKUP($A27,NB_p!$A$2:$G$25,6,FALSE),VLOOKUP($A27,NB_r!$A$2:$G$25,6,FALSE),B$20,TRUE) -> 0.99370015 | C27: =COUNTIF(INDEX($B$33:$Y$398,0,MATCH($A27,$B$32:$Y$32,0)),">="&C$20)/ROWS($A$33:$A$398) -> 0.9863388 | D27: =1-_xlfn.BETA.DIST(VLOOKUP($A27,NB_p!$A$2:$G$25,6,FALSE),VLOOKUP($A27,NB_r!$A$2:$G$25,6,FALSE),D$20,TRUE) -> 0.93401919 | E27: =COUNTIF(INDEX($B$33:$Y$398,0,MATCH($A27,$B$32:$Y$32,0)),">="&E$20)/ROWS($A$33:$A$398) -> 0.92622951 | F27: =1-_xlfn.BETA.DIST(VLOOKUP($A27,NB_p!$A$2:$G$25,6,FALSE),VLOOKUP($A27,NB_r!$A$2:$G$25,6,FALSE),F$20,TRUE) -> 0.74813278 | G27: =COUNTIF(INDEX($B$33:$Y$398,0,MATCH($A27,$B$32:$Y$32,0)),">="&G$20)/ROWS($A$33:$A$398) -> 0.75136612 | H27: =1-_xlfn.BETA.DIST(VLOOKUP($A27,NB_p!$A$2:$G$25,6,FALSE),VLOOKUP($A27,NB_r!$A$2:$G$25,6,FALSE),H$20,TRUE) -> 0.47253641 | I27: =COUNTIF(INDEX($B$33:$Y$398,0,MATCH($A27,$B$32:$Y$32,0)),">="&I$20)/ROWS($A$33:$A$398) -> 0.5 | J27: =1-_xlfn.BETA.DIST(VLOOKUP($A27,NB_p!$A$2:$G$25,6,FALSE),VLOOKUP($A27,NB_r!$A$2:$G$25,6,FALSE),J$20,TRUE) -> 0.23162657 | K27: =COUNTIF(INDEX($B$33:$Y$398,0,MATCH($A27,$B$32:$Y$32,0)),">="&K$20)/ROWS($A$33:$A$398) -> 0.21857923 | L27: =1-_xlfn.BETA.DIST(VLOOKUP($A27,NB_p!$A$2:$G$25,6,FALSE),VLOOKUP($A27,NB_r!$A$2:$G$25,6,FALSE),L$20,TRUE) -> 0.089788464 | M27: =COUNTIF(INDEX($B$33:$Y$398,0,MATCH($A27,$B$32:$Y$32,0)),">="&M$20)/ROWS($A$33:$A$398) -> 0.081967213 | N27: =1-_xlfn.BETA.DIST(VLOOKUP($A27,NB_p!$A$2:$G$25,6,FALSE),VLOOKUP($A27,NB_r!$A$2:$G$25,6,FALSE),N$20,TRUE) -> 0.028334515 | O27: =COUNTIF(INDEX($B$33:$Y$398,0,MATCH($A27,$B$32:$Y$32,0)),">="&O$20)/ROWS($A$33:$A$398) -> 0.021857923
A28: 16 | B28: =1-_xlfn.BETA.DIST(VLOOKUP($A28,NB_p!$A$2:$G$25,6,FALSE),VLOOKUP($A28,NB_r!$A$2:$G$25,6,FALSE),B$20,TRUE) -> 0.98976297 | C28: =COUNTIF(INDEX($B$33:$Y$398,0,MATCH($A28,$B$32:$Y$32,0)),">="&C$20)/ROWS($A$33:$A$398) -> 0.98907104 | D28: =1-_xlfn.BETA.DIST(VLOOKUP($A28,NB_p!$A$2:$G$25,6,FALSE),VLOOKUP($A28,NB_r!$A$2:$G$25,6,FALSE),D$20,TRUE) -> 0.921435 | E28: =COUNTIF(INDEX($B$33:$Y$398,0,MATCH($A28,$B$32:$Y$32,0)),">="&E$20)/ROWS($A$33:$A$398) -> 0.93442623 | F28: =1-_xlfn.BETA.DIST(VLOOKUP($A28,NB_p!$A$2:$G$25,6,FALSE),VLOOKUP($A28,NB_r!$A$2:$G$25,6,FALSE),F$20,TRUE) -> 0.74520511 | G28: =COUNTIF(INDEX($B$33:$Y$398,0,MATCH($A28,$B$32:$Y$32,0)),">="&G$20)/ROWS($A$33:$A$398) -> 0.74043716 | H28: =1-_xlfn.BETA.DIST(VLOOKUP($A28,NB_p!$A$2:$G$25,6,FALSE),VLOOKUP($A28,NB_r!$A$2:$G$25,6,FALSE),H$20,TRUE) -> 0.50020325 | I28: =COUNTIF(INDEX($B$33:$Y$398,0,MATCH($A28,$B$32:$Y$32,0)),">="&I$20)/ROWS($A$33:$A$398) -> 0.50273224 | J28: =1-_xlfn.BETA.DIST(VLOOKUP($A28,NB_p!$A$2:$G$25,6,FALSE),VLOOKUP($A28,NB_r!$A$2:$G$25,6,FALSE),J$20,TRUE) -> 0.27780308 | K28: =COUNTIF(INDEX($B$33:$Y$398,0,MATCH($A28,$B$32:$Y$32,0)),">="&K$20)/ROWS($A$33:$A$398) -> 0.29781421 | L28: =1-_xlfn.BETA.DIST(VLOOKUP($A28,NB_p!$A$2:$G$25,6,FALSE),VLOOKUP($A28,NB_r!$A$2:$G$25,6,FALSE),L$20,TRUE) -> 0.12991832 | M28: =COUNTIF(INDEX($B$33:$Y$398,0,MATCH($A28,$B$32:$Y$32,0)),">="&M$20)/ROWS($A$33:$A$398) -> 0.13387978 | N28: =1-_xlfn.BETA.DIST(VLOOKUP($A28,NB_p!$A$2:$G$25,6,FALSE),VLOOKUP($A28,NB_r!$A$2:$G$25,6,FALSE),N$20,TRUE) -> 0.052332967 | O28: =COUNTIF(INDEX($B$33:$Y$398,0,MATCH($A28,$B$32:$Y$32,0)),">="&O$20)/ROWS($A$33:$A$398) -> 0.040983607
A29: 17 | B29: =1-_xlfn.BETA.DIST(VLOOKUP($A29,NB_p!$A$2:$G$25,6,FALSE),VLOOKUP($A29,NB_r!$A$2:$G$25,6,FALSE),B$20,TRUE) -> 0.98839809 | C29: =COUNTIF(INDEX($B$33:$Y$398,0,MATCH($A29,$B$32:$Y$32,0)),">="&C$20)/ROWS($A$33:$A$398) -> 0.99180328 | D29: =1-_xlfn.BETA.DIST(VLOOKUP($A29,NB_p!$A$2:$G$25,6,FALSE),VLOOKUP($A29,NB_r!$A$2:$G$25,6,FALSE),D$20,TRUE) -> 0.92003283 | E29: =COUNTIF(INDEX($B$33:$Y$398,0,MATCH($A29,$B$32:$Y$32,0)),">="&E$20)/ROWS($A$33:$A$398) -> 0.91803279 | F29: =1-_xlfn.BETA.DIST(VLOOKUP($A29,NB_p!$A$2:$G$25,6,FALSE),VLOOKUP($A29,NB_r!$A$2:$G$25,6,FALSE),F$20,TRUE) -> 0.75349039 | G29: =COUNTIF(INDEX($B$33:$Y$398,0,MATCH($A29,$B$32:$Y$32,0)),">="&G$20)/ROWS($A$33:$A$398) -> 0.74590164 | H29: =1-_xlfn.BETA.DIST(VLOOKUP($A29,NB_p!$A$2:$G$25,6,FALSE),VLOOKUP($A29,NB_r!$A$2:$G$25,6,FALSE),H$20,TRUE) -> 0.52382428 | I29: =COUNTIF(INDEX($B$33:$Y$398,0,MATCH($A29,$B$32:$Y$32,0)),">="&I$20)/ROWS($A$33:$A$398) -> 0.55464481 | J29: =1-_xlfn.BETA.DIST(VLOOKUP($A29,NB_p!$A$2:$G$25,6,FALSE),VLOOKUP($A29,NB_r!$A$2:$G$25,6,FALSE),J$20,TRUE) -> 0.30889345 | K29: =COUNTIF(INDEX($B$33:$Y$398,0,MATCH($A29,$B$32:$Y$32,0)),">="&K$20)/ROWS($A$33:$A$398) -> 0.33060109 | L29: =1-_xlfn.BETA.DIST(VLOOKUP($A29,NB_p!$A$2:$G$25,6,FALSE),VLOOKUP($A29,NB_r!$A$2:$G$25,6,FALSE),L$20,TRUE) -> 0.15695888 | M29: =COUNTIF(INDEX($B$33:$Y$398,0,MATCH($A29,$B$32:$Y$32,0)),">="&M$20)/ROWS($A$33:$A$398) -> 0.15846995 | N29: =1-_xlfn.BETA.DIST(VLOOKUP($A29,NB_p!$A$2:$G$25,6,FALSE),VLOOKUP($A29,NB_r!$A$2:$G$25,6,FALSE),N$20,TRUE) -> 0.070090855 | O29: =COUNTIF(INDEX($B$33:$Y$398,0,MATCH($A29,$B$32:$Y$32,0)),">="&O$20)/ROWS($A$33:$A$398) -> 0.057377049
A30: 18 | B30: =1-_xlfn.BETA.DIST(VLOOKUP($A30,NB_p!$A$2:$G$25,6,FALSE),VLOOKUP($A30,NB_r!$A$2:$G$25,6,FALSE),B$20,TRUE) -> 0.95966466 | C30: =COUNTIF(INDEX($B$33:$Y$398,0,MATCH($A30,$B$32:$Y$32,0)),">="&C$20)/ROWS($A$33:$A$398) -> 0.98360656 | D30: =1-_xlfn.BETA.DIST(VLOOKUP($A30,NB_p!$A$2:$G$25,6,FALSE),VLOOKUP($A30,NB_r!$A$2:$G$25,6,FALSE),D$20,TRUE) -> 0.8175572 | E30: =COUNTIF(INDEX($B$33:$Y$398,0,MATCH($A30,$B$32:$Y$32,0)),">="&E$20)/ROWS($A$33:$A$398) -> 0.85245902 | F30: =1-_xlfn.BETA.DIST(VLOOKUP($A30,NB_p!$A$2:$G$25,6,FALSE),VLOOKUP($A30,NB_r!$A$2:$G$25,6,FALSE),F$20,TRUE) -> 0.58352153 | G30: =COUNTIF(INDEX($B$33:$Y$398,0,MATCH($A30,$B$32:$Y$32,0)),">="&G$20)/ROWS($A$33:$A$398) -> 0.59016393 | H30: =1-_xlfn.BETA.DIST(VLOOKUP($A30,NB_p!$A$2:$G$25,6,FALSE),VLOOKUP($A30,NB_r!$A$2:$G$25,6,FALSE),H$20,TRUE) -> 0.34787774 | I30: =COUNTIF(INDEX($B$33:$Y$398,0,MATCH($A30,$B$32:$Y$32,0)),">="&I$20)/ROWS($A$33:$A$398) -> 0.30327869 | J30: =1-_xlfn.BETA.DIST(VLOOKUP($A30,NB_p!$A$2:$G$25,6,FALSE),VLOOKUP($A30,NB_r!$A$2:$G$25,6,FALSE),J$20,TRUE) -> 0.17692504 | K30: =COUNTIF(INDEX($B$33:$Y$398,0,MATCH($A30,$B$32:$Y$32,0)),">="&K$20)/ROWS($A$33:$A$398) -> 0.13387978 | L30: =1-_xlfn.BETA.DIST(VLOOKUP($A30,NB_p!$A$2:$G$25,6,FALSE),VLOOKUP($A30,NB_r!$A$2:$G$25,6,FALSE),L$20,TRUE) -> 0.078722209 | M30: =COUNTIF(INDEX($B$33:$Y$398,0,MATCH($A30,$B$32:$Y$32,0)),">="&M$20)/ROWS($A$33:$A$398) -> 0.06557377 | N30: =1-_xlfn.BETA.DIST(VLOOKUP($A30,NB_p!$A$2:$G$25,6,FALSE),VLOOKUP($A30,NB_r!$A$2:$G$25,6,FALSE),N$20,TRUE) -> 0.031340933 | O30: =COUNTIF(INDEX($B$33:$Y$398,0,MATCH($A30,$B$32:$Y$32,0)),">="&O$20)/ROWS($A$33:$A$398) -> 0.024590164
A32: Hour | B32: 0 | C32: 1 | D32: 2 | E32: 3 | F32: 4 | G32: 5 | H32: 6 | I32: 7 | J32: 8 | K32: 9 | L32: 10 | M32: 11 | N32: 12 | O32: 13 | P32: 14 | Q32: 15 | R32: 16 | S32: 17 | T32: 18 | U32: 19 | V32: 20 | W32: 21 | X32: 22 | Y32: 23
A33: 42370 | B33: 19 | C33: 11 | D33: 13 | E33: 6 | F33: 3 | G33: 4 | H33: 5 | I33: 8 | J33: 9 | K33: 7 | L33: 14 | M33: 15 | N33: 10 | O33: 16 | P33: 15 | Q33: 11 | R33: 8 | S33: 20 | T33: 13 | U33: 15 | V33: 10 | W33: 9 | X33: 10 | Y33: 11
A34: 42371 | B34: 6 | C34: 6 | D34: 11 | E34: 3 | F34: 4 | G34: 7 | H34: 5 | I34: 13 | J34: 9 | K34: 11 | L34: 17 | M34: 20 | N34: 23 | O34: 21 | P34: 19 | Q34: 20 | R34: 20 | S34: 24 | T34: 27 | U34: 21 | V34: 14 | W34: 12 | X34: 11 | Y34: 10
A35: 42372 | B35: 6 | C35: 3 | D35: 6 | E35: 8 | F35: 10 | G35: 7 | H35: 5 | I35: 8 | J35: 8 | K35: 21 | L35: 6 | M35: 18 | N35: 20 | O35: 27 | P35: 14 | Q35: 23 | R35: 24 | S35: 27 | T35: 23 | U35: 12 | V35: 16 | W35: 16 | X35: 10 | Y35: 4
A36: 42373 | B36: 11 | C36: 8 | D36: 5 | E36: 3 | F36: 4 | G36: 6 | H36: 12 | I36: 19 | J36: 21 | K36: 12 | L36: 18 | M36: 19 | N36: 21 | O36: 22 | P36: 24 | Q36: 27 | R36: 31 | S36: 29 | T36: 29 | U36: 21 | V36: 16 | W36: 10 | X36: 21 | Y36: 12
A37: 42374 | B37: 9 | C37: 6 | D37: 10 | E37: 4 | F37: 5 | G37: 12 | H37: 14 | I37: 30 | J37: 32 | K37: 31 | L37: 19 | M37: 20 | N37: 37 | O37: 37 | P37: 27 | Q37: 9 | R37: 19 | S37: 35 | T37: 22 | U37: 14 | V37: 22 | W37: 15 | X37: 11 | Y37: 5
A38: 42375 | B38: 5 | C38: 4 | D38: 6 | E38: 8 | F38: 5 | G38: 5 | H38: 10 | I38: 29 | J38: 24 | K38: 31 | L38: 22 | M38: 17 | N38: 30 | O38: 27 | P38: 26 | Q38: 29 | R38: 22 | S38: 45 | T38: 25 | U38: 25 | V38: 10 | W38: 9 | X38: 8 | Y38: 8
A39: 42376 | B39: 10 | C39: 7 | D39: 8 | E39: 1 | F39: 4 | G39: 5 | H39: 6 | I39: 9 | J39: 16 | K39: 26 | L39: 18 | M39: 22 | N39: 32 | O39: 21 | P39: 24 | Q39: 22 | R39: 24 | S39: 36 | T39: 28 | U39: 24 | V39: 13 | W39: 12 | X39: 10 | Y39: 7
A40: 42377 | B40: 5 | C40: 3 | D40: 3 | E40: 7 | F40: 5 | G40: 6 | H40: 14 | I40: 18 | J40: 20 | K40: 24 | L40: 9 | M40: 26 | N40: 16 | O40: 20 | P40: 25 | Q40: 17 | R40: 21 | S40: 30 | T40: 28 | U40: 10 | V40: 9 | W40: 17 | X40: 17 | Y40: 9
A41: 42378 | B41: 3 | C41: 9 | D41: 6 | E41: 15 | F41: 3 | G41: 10 | H41: 11 | I41: 10 | J41: 13 | K41: 27 | L41: 25 | M41: 22 | N41: 20 | O41: 25 | P41: 16 | Q41: 19 | R41: 15 | S41: 13 | T41: 23 | U41: 24 | V41: 16 | W41: 18 | X41: 8 | Y41: 9
A42: 42379 | B42: 7 | C42: 10 | D42: 7 | E42: 8 | F42: 10 | G42: 9 | H42: 18 | I42: 10 | J42: 16 | K42: 32 | L42: 18 | M42: 22 | N42: 20 | O42: 19 | P42: 27 | Q42: 16 | R42: 18 | S42: 30 | T42: 42 | U42: 23 | V42: 14 | W42: 14 | X42: 8 | Y42: 3
A43: 42380 | B43: 12 | C43: 4 | D43: 6 | E43: 5 | F43: 8 | G43: 7 | H43: 15 | I43: 19 | J43: 40 | K43: 19 | L43: 27 | M43: 18 | N43: 22 | O43: 29 | P43: 24 | Q43: 28 | R43: 19 | S43: 23 | T43: 26 | U43: 19 | V43: 19 | W43: 11 | X43: 11 | Y43: 7
A44: 42381 | B44: 6 | C44: 1 | D44: 4 | E44: 1 | F44: 4 | G44: 7 | H44: 21 | I44: 17 | J44: 25 | K44: 16 | L44: 20 | M44: 25 | N44: 18 | O44: 35 | P44: 22 | Q44: 30 | R44: 30 | S44: 23 | T44: 17 | U44: 68 | V44: 77 | W44: 61 | X44: 33 | Y44: 21
... A398: 42735 | B398: 8 | C398: 14 | D398: 6 | E398: 3 | F398: 5 | G398: 4 | H398: 4 | I398: 14 | J398: 8 | K398: 8 | L398: 17 | M398: 20 | N398: 20 | O398: 16 | P398: 23 | Q398: 25 | R398: 14 | S398: 28 | T398: 22 | U398: 31 | V398: 18 | W398: 14 | X398: 27 | Y398: 7

Sheet 2015
B1: NG_P(X≥3) | C1: Actual_P(X≥3) | D1: NG_P(X≥6) | E1: Actual_P(X≥6) | F1: NG_P(X≥9) | G1: Actual_P(X≥9) | H1: NG_P(X≥12) | I1: Actual_P(X≥12) | J1: NG_P(X≥15) | K1: Actual_P(X≥15)
A2: Low_frequency_hour | B2: 3 | C2: 3 | D2: 6 | E2: 6 | F2: 9 | G2: 9 | H2: 12 | I2: 12 | J2: 15 | K2: 15
A3: 0 | B3: =1-_xlfn.BETA.DIST(VLOOKUP($A3,NB_p!$A$2:$G$25,7,FALSE),VLOOKUP($A3,NB_r!$A$2:$G$25,7,FALSE),B$2,TRUE) -> 0.83629353 | C3: =COUNTIF(INDEX($B$33:$Y$53,0,MATCH($A3,$B$32:$Y$32,0)),">="&C$2)/ROWS($A$33:$A$53) -> 0.9047619 | D3: =1-_xlfn.BETA.DIST(VLOOKUP($A3,NB_p!$A$2:$G$25,7,FALSE),VLOOKUP($A3,NB_r!$A$2:$G$25,7,FALSE),D$2,TRUE) -> 0.5367567 | E3: =COUNTIF(INDEX($B$33:$Y$53,0,MATCH($A3,$B$32:$Y$32,0)),">="&E$2)/ROWS($A$33:$A$53) -> 0.47619048 | F3: =1-_xlfn.BETA.DIST(VLOOKUP($A3,NB_p!$A$2:$G$25,7,FALSE),VLOOKUP($A3,NB_r!$A$2:$G$25,7,FALSE),F$2,TRUE) -> 0.28929466 | G3: =COUNTIF(INDEX($B$33:$Y$53,0,MATCH($A3,$B$32:$Y$32,0)),">="&G$2)/ROWS($A$33:$A$53) -> 0.38095238 | H3: =1-_xlfn.BETA.DIST(VLOOKUP($A3,NB_p!$A$2:$G$25,7,FALSE),VLOOKUP($A3,NB_r!$A$2:$G$25,7,FALSE),H$2,TRUE) -> 0.13920159 | I3: =COUNTIF(INDEX($B$33:$Y$53,0,MATCH($A3,$B$32:$Y$32,0)),">="&I$2)/ROWS($A$33:$A$53) -> 0.095238095 | J3: =1-_xlfn.BETA.DIST(VLOOKUP($A3,NB_p!$A$2:$G$25,7,FALSE),VLOOKUP($A3,NB_r!$A$2:$G$25,7,FALSE),J$2,TRUE) -> 0.061962256 | K3: =COUNTIF(INDEX($B$33:$Y$53,0,MATCH($A3,$B$32:$Y$32,0)),">="&K$2)/ROWS($A$33:$A$53) -> 0.047619048
A4: 1 | B4: =1-_xlfn.BETA.DIST(VLOOKUP($A4,NB_p!$A$2:$G$25,7,FALSE),VLOOKUP($A4,NB_r!$A$2:$G$25,7,FALSE),B$2,TRUE) -> 0.92748833 | C4: =COUNTIF(INDEX($B$33:$Y$53,0,MATCH($A4,$B$32:$Y$32,0)),">="&C$2)/ROWS($A$33:$A$53) -> 0.9047619 | D4: =1-_xlfn.BETA.DIST(VLOOKUP($A4,NB_p!$A$2:$G$25,7,FALSE),VLOOKUP($A4,NB_r!$A$2:$G$25,7,FALSE),D$2,TRUE) -> 0.59656646 | E4: =COUNTIF(INDEX($B$33:$Y$53,0,MATCH($A4,$B$32:$Y$32,0)),">="&E$2)/ROWS($A$33:$A$53) -> 0.57142857 | F4: =1-_xlfn.BETA.DIST(VLOOKUP($A4,NB_p!$A$2:$G$25,7,FALSE),VLOOKUP($A4,NB_r!$A$2:$G$25,7,FALSE),F$2,TRUE) -> 0.23866129 | G4: =COUNTIF(INDEX($B$33:$Y$53,0,MATCH($A4,$B$32:$Y$32,0)),">="&G$2)/ROWS($A$33:$A$53) -> 0.33333333 | H4: =1-_xlfn.BETA.DIST(VLOOKUP($A4,NB_p!$A$2:$G$25,7,FALSE),VLOOKUP($A4,NB_r!$A$2:$G$25,7,FALSE),H$2,TRUE) -> 0.063789401 | I4: =COUNTIF(INDEX($B$33:$Y$53,0,MATCH($A4,$B$32:$Y$32,0)),">="&I$2)/ROWS($A$33:$A$53) -> 0 | J4: =1-_xlfn.BETA.DIST(VLOOKUP($A4,NB_p!$A$2:$G$25,7,FALSE),VLOOKUP($A4,NB_r!$A$2:$G$25,7,FALSE),J$2,TRUE) -> 0.012458881 | K4: =COUNTIF(INDEX($B$33:$Y$53,0,MATCH($A4,$B$32:$Y$32,0)),">="&K$2)/ROWS($A$33:$A$53) -> 0
A5: 2 | B5: =1-_xlfn.BETA.DIST(VLOOKUP($A5,NB_p!$A$2:$G$25,7,FALSE),VLOOKUP($A5,NB_r!$A$2:$G$25,7,FALSE),B$2,TRUE) -> 0.85289915 | C5: =COUNTIF(INDEX($B$33:$Y$53,0,MATCH($A5,$B$32:$Y$32,0)),">="&C$2)/ROWS($A$33:$A$53) -> 0.9047619 | D5: =1-_xlfn.BETA.DIST(VLOOKUP($A5,NB_p!$A$2:$G$25,7,FALSE),VLOOKUP($A5,NB_r!$A$2:$G$25,7,FALSE),D$2,TRUE) -> 0.46806897 | E5: =COUNTIF(INDEX($B$33:$Y$53,0,MATCH($A5,$B$32:$Y$32,0)),">="&E$2)/ROWS($A$33:$A$53) -> 0.42857143 | F5: =1-_xlfn.BETA.DIST(VLOOKUP($A5,NB_p!$A$2:$G$25,7,FALSE),VLOOKUP($A5,NB_r!$A$2:$G$25,7,FALSE),F$2,TRUE) -> 0.17288996 | G5: =COUNTIF(INDEX($B$33:$Y$53,0,MATCH($A5,$B$32:$Y$32,0)),">="&G$2)/ROWS($A$33:$A$53) -> 0.19047619 | H5: =1-_xlfn.BETA.DIST(VLOOKUP($A5,NB_p!$A$2:$G$25,7,FALSE),VLOOKUP($A5,NB_r!$A$2:$G$25,7,FALSE),H$2,TRUE) -> 0.048067595 | I5: =COUNTIF(INDEX($B$33:$Y$53,0,MATCH($A5,$B$32:$Y$32,0)),">="&I$2)/ROWS($A$33:$A$53) -> 0.047619048 | J5: =1-_xlfn.BETA.DIST(VLOOKUP($A5,NB_p!$A$2:$G$25,7,FALSE),VLOOKUP($A5,NB_r!$A$2:$G$25,7,FALSE),J$2,TRUE) -> 0.010907176 | K5: =COUNTIF(INDEX($B$33:$Y$53,0,MATCH($A5,$B$32:$Y$32,0)),">="&K$2)/ROWS($A$33:$A$53) -> 0
A6: 3 | B6: =1-_xlfn.BETA.DIST(VLOOKUP($A6,NB_p!$A$2:$G$25,7,FALSE),VLOOKUP($A6,NB_r!$A$2:$G$25,7,FALSE),B$2,TRUE) -> 0.80856686 | C6: =COUNTIF(INDEX($B$33:$Y$53,0,MATCH($A6,$B$32:$Y$32,0)),">="&C$2)/ROWS($A$33:$A$53) -> 0.80952381 | D6: =1-_xlfn.BETA.DIST(VLOOKUP($A6,NB_p!$A$2:$G$25,7,FALSE),VLOOKUP($A6,NB_r!$A$2:$G$25,7,FALSE),D$2,TRUE) -> 0.46264379 | E6: =COUNTIF(INDEX($B$33:$Y$53,0,MATCH($A6,$B$32:$Y$32,0)),">="&E$2)/ROWS($A$33:$A$53) -> 0.57142857 | F6: =1-_xlfn.BETA.DIST(VLOOKUP($A6,NB_p!$A$2:$G$25,7,FALSE),VLOOKUP($A6,NB_r!$A$2:$G$25,7,FALSE),F$2,TRUE) -> 0.20965799 | G6: =COUNTIF(INDEX($B$33:$Y$53,0,MATCH($A6,$B$32:$Y$32,0)),">="&G$2)/ROWS($A$33:$A$53) -> 0.19047619 | H6: =1-_xlfn.BETA.DIST(VLOOKUP($A6,NB_p!$A$2:$G$25,7,FALSE),VLOOKUP($A6,NB_r!$A$2:$G$25,7,FALSE),H$2,TRUE) -> 0.081719034 | I6: =COUNTIF(INDEX($B$33:$Y$53,0,MATCH($A6,$B$32:$Y$32,0)),">="&I$2)/ROWS($A$33:$A$53) -> 0.047619048 | J6: =1-_xlfn.BETA.DIST(VLOOKUP($A6,NB_p!$A$2:$G$25,7,FALSE),VLOOKUP($A6,NB_r!$A$2:$G$25,7,FALSE),J$2,TRUE) -> 0.028740414 | K6: =COUNTIF(INDEX($B$33:$Y$53,0,MATCH($A6,$B$32:$Y$32,0)),">="&K$2)/ROWS($A$33:$A$53) -> 0.047619048
